[
	{
		"name": "Bob Doe",
		"avatar": "user.jpg",
		"time": "20 min",
		"status": "pending"
	},
	{
		"name": "Joe Doe",
		"avatar": "avatar2.png",
		"time": "1 hour",
		"status": "pending"
	},
	{
		"name": "Jim Doe",
		"avatar": "avatar.png",
		"time": "2 hour",
		"status": "pending"
	},
	{
		"name": "Alex Doe",
		"avatar": "avatar5.png",
		"time": "3 hour",
		"status": "blocked"
	},
	{
		"name": "Bob Doe",
		"avatar": "avatar2.png",
		"time": "6 hour",
		"status": "approved"
	},
	{
		"name": "Susan",
		"avatar": "avatar3.png",
		"time": "yesterday",
		"status": "approved"
	},
	{
		"name": "Phil Doe",
		"avatar": "avatar4.png",
		"time": "2 days ago",
		"status": "online"
	},
	{
		"name": "Alexa Doe",
		"avatar": "avatar1.png",
		"time": "3 days ago",
		"status": "approved"
	}
]