[
	{
		"id": "customer-support",
		"color": "orange",
		"title": "Answering customer questions",
		"progress": 42
	},
	{
		"color": "red",
		"title": "Fixing bugs",
		"toolbar": true
	},
	{
		"color": "default",
		"title": "Adding new features",
		"menu": true
	},
	{
		"color": "blue",
		"title": "Upgrading scripts used in template"
	},
	{
		"color": "grey",
		"title": "Adding new skins"
	},
	{
		"color": "green",
		"title": "Updating server software up"
	},
	{
		"color": "pink",
		"title": "Cleaning up"
	}
]