{
	"first_five":
	[
		{
		"name" : "Alex Doe",
		"avatar" : "avatar5.png",
		"action" : "changed his profile photo. <a>Take a look</a>",
		"time" : "an hour ago"
		} ,
		{
		"name" : "Susan Smith",
		"avatar" : "avatar1.png",
		"action" : "is now friends with Alex Doe.",
		"time" : "2 hours ago"
		} ,
		{
		"name" : "Alex Doe",
		"icon" : "fa fa-check btn-success",
		"action" : "joined <a>Country Music</a> group.",
		"time" : "5 hours ago"
		} ,
		{
		"name" : "Alex Doe",
		"icon" : "fa fa-picture-o btn-info",
		"action" : "uploaded a new photo. <a>Take a look</a>",
		"time" : "5 hours ago"
		} ,
		{
		"name" : "David Palms",
		"avatar" : "avatar4.png",
		"action" : "left a comment on Alex's wall.",
		"time" : "8 hours ago"
		}
	]
	,
	"second_five":
	[
		{
		"name" : "Alex Doe",
		"icon" : "fa fa-pencil-square-o btn-pink",
		"action" : "published a new blog post. <a>Read now</a>",
		"time" : "11 hours ago"
		} ,
		{
		"name" : "Alex Doe",
		"avatar" : "avatar5.png",
		"action" : "upgraded his skills. ",
		"time" : "12 hours ago"
		} ,
		{
		"name" : "Alex Doe",
		"icon" : "fa fa-key btn-info",
		"action" : "logged in.",
		"time" : "12 hours ago"
		} ,
		{
		"name" : "Alex Doe",
		"icon" : "fa fa-power-off btn-inverse",
		"action" : "logged out.",
		"time" : "16 hours ago"
		} ,
		{
		"name" : "Alex Doe",
		"icon" : "fa fa-key btn-info",
		"action" : "logged in.",
		"time" : "16 hours ago"
		} 
	]
}