/*
SQLyog Ultimate v10.00 Beta1
MySQL - 5.1.62-community : Database - mto
*********************************************************************
*/

/*!40101 SET NAMES utf8 */;

/*!40101 SET SQL_MODE=''*/;

/*!40014 SET @OLD_UNIQUE_CHECKS=@@UNIQUE_CHECKS, UNIQUE_CHECKS=0 */;
/*!40014 SET @OLD_FOREIGN_KEY_CHECKS=@@FOREIGN_KEY_CHECKS, FOREIGN_KEY_CHECKS=0 */;
/*!40101 SET @OLD_SQL_MODE=@@SQL_MODE, SQL_MODE='NO_AUTO_VALUE_ON_ZERO' */;
/*!40111 SET @OLD_SQL_NOTES=@@SQL_NOTES, SQL_NOTES=0 */;
CREATE DATABASE /*!32312 IF NOT EXISTS*/`mto` /*!40100 DEFAULT CHARACTER SET utf8 */;

USE `mto`;

/*Table structure for table `jt_system_group` */

DROP TABLE IF EXISTS `jt_system_group`;

CREATE TABLE `jt_system_group` (
  `ROW_ID` bigint(20) NOT NULL AUTO_INCREMENT,
  `SYS_TYPE` varchar(255) DEFAULT NULL,
  `SYS_CODE` varchar(255) DEFAULT NULL,
  `SYS_NAME` varchar(255) DEFAULT NULL,
  `CLASS_NAME` varchar(255) DEFAULT NULL,
  `DEV_MAILTO` varchar(255) DEFAULT NULL,
  `TEST_MAILTO` varchar(255) DEFAULT NULL,
  `REC_MAILTO` varchar(255) DEFAULT NULL,
  `PRO_DMAILTO` varchar(255) DEFAULT NULL,
  `URL_PARAM` varchar(255) DEFAULT NULL,
  `ORDER_BY` int(11) DEFAULT NULL,
  `ENABLE_FLAG` varchar(255) DEFAULT NULL,
  PRIMARY KEY (`ROW_ID`)
) ENGINE=InnoDB AUTO_INCREMENT=11 DEFAULT CHARSET=utf8;

/*Data for the table `jt_system_group` */

insert  into `jt_system_group`(`ROW_ID`,`SYS_TYPE`,`SYS_CODE`,`SYS_NAME`,`CLASS_NAME`,`DEV_MAILTO`,`TEST_MAILTO`,`REC_MAILTO`,`PRO_DMAILTO`,`URL_PARAM`,`ORDER_BY`,`ENABLE_FLAG`) values (1,'Application','SmartSales','SmartSales','com.johnny.monitor.business.service.MonitorTomcatServer','huang.fuqiang1@zte.com.cn','huang.fuqiang1@zte.com.cn','huang.fuqiang1@zte.com.cn','huang.fuqiang1@zte.com.cn','clue/servicess.jssm',1,'Y'),(2,'Application','SiebelCRM','SiebelTomcat','com.johnny.monitor.business.service.MonitorTomcatServer','huang.fuqiang1@zte.com.cn','huang.fuqiang1@zte.com.cn','huang.fuqiang1@zte.com.cn','huang.fuqiang1@zte.com.cn',':8088/siebel/compsearch/servicess.jssm',2,'Y'),(3,'Application','SiebelCRM','SiebelApp','com.johnny.monitor.business.service.MonitorSiebelWeb','huang.fuqiang1@zte.com.cn','huang.fuqiang1@zte.com.cn','huang.fuqiang1@zte.com.cn','huang.fuqiang1@zte.com.cn',NULL,3,'Y'),(4,'Application','MSM','MSM','com.johnny.monitor.business.service.MonitorWasServer','huang.fuqiang1@zte.com.cn','huang.fuqiang1@zte.com.cn','huang.fuqiang1@zte.com.cn','huang.fuqiang1@zte.com.cn','RTC.html',4,'Y'),(5,'Application','Platform','平台','com.johnny.monitor.business.service.MonitorTomcatServer','huang.fuqiang1@zte.com.cn','huang.fuqiang1@zte.com.cn','huang.fuqiang1@zte.com.cn','huang.fuqiang1@zte.com.cn','token/service.jssm',5,'Y'),(6,'DataBase','SmartSales','SmartSales数据库','com.johnny.monitor.business.service.MonitorMysql','huang.fuqiang1@zte.com.cn','huang.fuqiang1@zte.com.cn','huang.fuqiang1@zte.com.cn','huang.fuqiang1@zte.com.cn',NULL,6,'Y'),(7,'DataBase','SiebelCRM','Siebel数据库','com.johnny.monitor.business.service.MonitorOracle','huang.fuqiang1@zte.com.cn','huang.fuqiang1@zte.com.cn','huang.fuqiang1@zte.com.cn','huang.fuqiang1@zte.com.cn',NULL,7,'Y'),(8,'DataBase','MSM','MSM数据库','com.johnny.monitor.business.service.MonitorOracle','huang.fuqiang1@zte.com.cn','huang.fuqiang1@zte.com.cn','huang.fuqiang1@zte.com.cn','huang.fuqiang1@zte.com.cn',NULL,8,'Y');

/*Table structure for table `jt_system_info` */

DROP TABLE IF EXISTS `jt_system_info`;

CREATE TABLE `jt_system_info` (
  `ROW_ID` bigint(20) NOT NULL AUTO_INCREMENT,
  `GROUP_ID` varchar(255) DEFAULT NULL,
  `ENVIROMENT_TYPE` varchar(255) DEFAULT NULL,
  `ENVIROMENT_NAME` varchar(255) DEFAULT NULL,
  `IP_ADDR` varchar(255) DEFAULT NULL,
  `ORDERBY` int(11) DEFAULT NULL,
  `ENABLE_FLAG` varchar(255) DEFAULT NULL,
  `USERNAME` varchar(255) DEFAULT NULL,
  `PASSWORD` varchar(255) DEFAULT NULL,
  PRIMARY KEY (`ROW_ID`)
) ENGINE=InnoDB AUTO_INCREMENT=51 DEFAULT CHARSET=utf8;

/*Data for the table `jt_system_info` */

insert  into `jt_system_info`(`ROW_ID`,`GROUP_ID`,`ENVIROMENT_TYPE`,`ENVIROMENT_NAME`,`IP_ADDR`,`ORDERBY`,`ENABLE_FLAG`,`USERNAME`,`PASSWORD`) values (1,'1','TEST','测试环境App1','10.5.7.150/MCRMDev/',1,'Y',NULL,NULL),(2,'1','REC','仿真环境App1','10.88.144.240/MCRMTest/',2,'Y',NULL,NULL),(3,'1','REC','仿真环境App2','10.3.64.175/MCRM/',3,'Y',NULL,NULL),(4,'1','PROD','生产环境App1','10.30.7.221/MCRM/',4,'Y',NULL,NULL),(5,'1','PROD','生产环境App2','10.30.7.222/MCRM/',5,'Y',NULL,NULL),(6,'1','PROD_GRAY','生产灰度环境','10.30.15.121/HMCRM/',6,'Y',NULL,NULL),(7,'1','PROD','生产线程环境','10.30.15.124:8080/MCRMThread/',7,'Y',NULL,NULL),(8,'1','PROD','生产域名','mdm.zte.com.cn/MCRM/',8,'Y',NULL,NULL),(9,'1','PROD','生产Nginx代理1','10.30.15.119/MCRM/',9,'Y',NULL,NULL),(10,'1','PROD','生产Nginx代理2','10.30.15.120/MCRM/',10,'Y',NULL,NULL),(11,'2','TEST','测试环境','10.5.172.82',11,'Y',NULL,NULL),(12,'2','REC','仿真PC端环境','10.5.6.196',12,'Y',NULL,NULL),(13,'2','REC','仿真移动端环境','10.5.7.161',13,'Y',NULL,NULL),(14,'2','REC','仿真灰度环境','10.3.64.180',14,'Y',NULL,NULL),(15,'2','PROD','生产环境App1','10.31.7.24',15,'Y',NULL,NULL),(16,'2','PROD','生产环境App2','10.31.7.25',16,'Y',NULL,NULL),(17,'2','PROD_GRAY','生产灰度环境','10.30.15.122',17,'Y',NULL,NULL),(18,'2','PROD','生产域名','scrm.zte.com.cn',18,'Y',NULL,NULL),(20,'3','TEST','测试环境','10.5.172.82',20,'Y',NULL,NULL),(21,'3','REC','仿真PC端环境','10.5.6.196',21,'Y',NULL,NULL),(22,'3','REC','仿真移动端环境','10.5.7.161',22,'Y',NULL,NULL),(23,'3','REC','仿真灰度环境','10.3.64.180',23,'Y',NULL,NULL),(24,'3','PROD','生产环境App1','10.31.7.24',24,'Y',NULL,NULL),(25,'3','PROD','生产环境App2','10.31.7.25',25,'Y',NULL,NULL),(26,'3','PROD_GRAY','生产灰度环境','10.30.15.122',26,'Y',NULL,NULL),(27,'3','PROD','生产域名','scrm.zte.com.cn',27,'Y',NULL,NULL),(28,'4','TEST','测试环境','10.5.172.107:9095/MrktTest/',28,'Y',NULL,NULL),(29,'4','TEST','测试线程环境','10.5.172.107:9081/MrktTest/',29,'Y',NULL,NULL),(30,'4','REC','仿真环境','10.5.172.86:9085/MrktTest/',30,'Y',NULL,NULL),(31,'4','REC','仿真线程环境','10.5.172.86:9081/MrktTest/',31,'N',NULL,NULL),(32,'4','REC','验收环境','10.89.208.202:9080/MrktTest/',32,'Y',NULL,NULL),(33,'4','REC','验收线程环境','10.89.208.202:9081/MrktTest/',33,'Y',NULL,NULL),(34,'4','PROD','生产环境App1','10.30.7.47/marketing/',34,'Y',NULL,NULL),(35,'4','PROD','生产环境App2','10.30.7.48/marketing/',35,'Y',NULL,NULL),(36,'4','PROD','生产环境App3','10.30.7.49/marketing/',36,'Y',NULL,NULL),(37,'4','PROD','生产线程环境','10.30.7.107:9085/marketing/',37,'Y',NULL,NULL),(38,'4','PROD','生产域名','msm.zte.com.cn/marketing/',38,'Y',NULL,NULL),(39,'5','PROD','生产环境','192.168.164.242/emm/',39,'Y',NULL,NULL),(40,'7','DEV','开发环境','10.5.6.118:1521:ztedev',40,'Y','SIEBEL','SIEBEL'),(41,'7','TEST','测试环境','10.5.7.116:1521:ZTETEST',41,'Y','SIEBEL','SIEBEL'),(42,'7','REC','仿真环境','10.5.6.195:1521:SIEBELINT',42,'Y','SIEBEL','SIEBEL'),(43,'7','PROD','生产环境RAC1','10.31.4.58:1521:scrmprod',43,'N','SIEBEL','SIEBEL'),(44,'7','PROD','生产环境RAC2','10.31.5.58:1521:scrmprod',44,'N','SIEBEL','SIEBEL'),(45,'6','TEST','测试环境','10.5.7.149',45,'Y','mcrm','123456'),(46,'6','REC','仿真环境','10.88.144.239',46,'Y','mcrm','2015_mcrm'),(47,'6','PRDO','生产环境',NULL,47,'N','mcrm','mcrm'),(48,'8','TEST','测试环境','10.41.252.65:1521:ltcdb',48,'Y','ecc','test_120921'),(49,'8','REC','仿真环境','10.41.253.16:1521:ltcdb',49,'Y','ecc','ECC_FZ_2015'),(50,'8','PRDO','生产环境','10.30.1.111:1521:eccsys',50,'N','ecc','ecc');

/*Table structure for table `jt_system_monitor_instance` */

DROP TABLE IF EXISTS `jt_system_monitor_instance`;

CREATE TABLE `jt_system_monitor_instance` (
  `ROW_ID` bigint(20) NOT NULL AUTO_INCREMENT,
  `GROUP_ID` varchar(255) DEFAULT NULL,
  `SYSTEM_ID` varchar(255) DEFAULT NULL,
  `RESULT` varchar(255) DEFAULT NULL,
  `RESULT_MESSAGE` longtext,
  `CREATE_DATE` datetime DEFAULT NULL,
  `LAST_UPD_DATE` datetime DEFAULT NULL,
  `BATCH_NUM` varchar(255) DEFAULT NULL,
  PRIMARY KEY (`ROW_ID`)
) ENGINE=InnoDB AUTO_INCREMENT=1049 DEFAULT CHARSET=utf8;

/*Data for the table `jt_system_monitor_instance` */

insert  into `jt_system_monitor_instance`(`ROW_ID`,`GROUP_ID`,`SYSTEM_ID`,`RESULT`,`RESULT_MESSAGE`,`CREATE_DATE`,`LAST_UPD_DATE`,`BATCH_NUM`) values (1,'1','1','正常','','2016-10-20 19:20:00',NULL,'2016-10-20 19:19:51.045'),(2,'1','2','正常','','2016-10-20 19:20:04',NULL,'2016-10-20 19:19:51.045'),(3,'1','3','正常','','2016-10-20 19:20:07',NULL,'2016-10-20 19:19:51.045'),(4,'1','4','正常','','2016-10-20 19:20:10',NULL,'2016-10-20 19:19:51.045'),(5,'1','5','正常','','2016-10-20 19:20:10',NULL,'2016-10-20 19:19:51.045'),(6,'1','6','正常','','2016-10-20 19:20:10',NULL,'2016-10-20 19:19:51.045'),(7,'1','7','正常','','2016-10-20 19:20:10',NULL,'2016-10-20 19:19:51.045'),(8,'1','8','正常','','2016-10-20 19:20:11',NULL,'2016-10-20 19:19:51.045'),(9,'1','9','正常','','2016-10-20 19:20:11',NULL,'2016-10-20 19:19:51.045'),(10,'1','10','正常','','2016-10-20 19:20:11',NULL,'2016-10-20 19:19:51.045'),(11,'2','11','正常','','2016-10-20 19:20:12',NULL,'2016-10-20 19:19:51.045'),(12,'2','12','正常','','2016-10-20 19:20:12',NULL,'2016-10-20 19:19:51.045'),(13,'2','13','正常','','2016-10-20 19:20:12',NULL,'2016-10-20 19:19:51.045'),(14,'2','14','正常','','2016-10-20 19:20:12',NULL,'2016-10-20 19:19:51.045'),(15,'2','15','正常','','2016-10-20 19:20:12',NULL,'2016-10-20 19:19:51.045'),(16,'2','16','正常','','2016-10-20 19:20:12',NULL,'2016-10-20 19:19:51.045'),(17,'2','17','正常','','2016-10-20 19:20:12',NULL,'2016-10-20 19:19:51.045'),(18,'2','18','正常','','2016-10-20 19:20:13',NULL,'2016-10-20 19:19:51.045'),(19,'3','20','错误','ERROR:应用无法访问！','2016-10-20 19:20:15',NULL,'2016-10-20 19:19:51.045'),(20,'3','21','错误','ERROR:应用无法访问！','2016-10-20 19:20:18',NULL,'2016-10-20 19:19:51.045'),(21,'3','22','错误','ERROR:应用无法访问！','2016-10-20 19:20:20',NULL,'2016-10-20 19:19:51.045'),(22,'3','23','错误','ERROR:应用无法访问！','2016-10-20 19:20:23',NULL,'2016-10-20 19:19:51.045'),(23,'3','24','错误','ERROR:应用无法访问！','2016-10-20 19:20:25',NULL,'2016-10-20 19:19:51.045'),(24,'3','25','错误','ERROR:应用无法访问！','2016-10-20 19:20:27',NULL,'2016-10-20 19:19:51.045'),(25,'3','26','错误','ERROR:应用无法访问！','2016-10-20 19:20:28',NULL,'2016-10-20 19:19:51.045'),(26,'3','27','错误','ERROR:应用无法访问！','2016-10-20 19:20:28',NULL,'2016-10-20 19:19:51.045'),(27,'4','28','正常','','2016-10-20 19:20:28',NULL,'2016-10-20 19:19:51.045'),(28,'4','29','正常','','2016-10-20 19:20:28',NULL,'2016-10-20 19:19:51.045'),(29,'4','30','正常','','2016-10-20 19:20:28',NULL,'2016-10-20 19:19:51.045'),(30,'4','32','正常','','2016-10-20 19:20:28',NULL,'2016-10-20 19:19:51.045'),(31,'4','33','正常','','2016-10-20 19:20:28',NULL,'2016-10-20 19:19:51.045'),(32,'4','34','正常','','2016-10-20 19:20:28',NULL,'2016-10-20 19:19:51.045'),(33,'4','35','正常','','2016-10-20 19:20:28',NULL,'2016-10-20 19:19:51.045'),(34,'4','36','正常','','2016-10-20 19:20:28',NULL,'2016-10-20 19:19:51.045'),(35,'4','37','正常','','2016-10-20 19:20:28',NULL,'2016-10-20 19:19:51.045'),(36,'4','38','正常','','2016-10-20 19:20:28',NULL,'2016-10-20 19:19:51.045'),(37,'5','39','正常','','2016-10-20 19:20:29',NULL,'2016-10-20 19:19:51.045'),(38,'6','45','错误','错误:','2016-10-20 19:20:29',NULL,'2016-10-20 19:19:51.045'),(39,'6','46','错误','错误:','2016-10-20 19:20:29',NULL,'2016-10-20 19:19:51.045'),(40,'7','40','错误','ERROR:','2016-10-20 19:20:29',NULL,'2016-10-20 19:19:51.045'),(41,'7','41','错误','ERROR:','2016-10-20 19:20:29',NULL,'2016-10-20 19:19:51.045'),(42,'7','42','错误','ERROR:','2016-10-20 19:20:29',NULL,'2016-10-20 19:19:51.045'),(43,'8','48','错误','ERROR:','2016-10-20 19:20:29',NULL,'2016-10-20 19:19:51.045'),(44,'8','49','错误','ERROR:','2016-10-20 19:20:29',NULL,'2016-10-20 19:19:51.045'),(45,'1','1','正常','','2016-10-20 19:26:21',NULL,'2016-10-2019:26:20.832'),(46,'1','2','正常','','2016-10-20 19:26:21',NULL,'2016-10-2019:26:20.832'),(47,'1','3','正常','','2016-10-20 19:26:22',NULL,'2016-10-2019:26:20.832'),(48,'1','4','正常','','2016-10-20 19:26:22',NULL,'2016-10-2019:26:20.832'),(49,'1','5','正常','','2016-10-20 19:26:22',NULL,'2016-10-2019:26:20.832'),(50,'1','6','正常','','2016-10-20 19:26:22',NULL,'2016-10-2019:26:20.832'),(51,'1','7','正常','','2016-10-20 19:26:22',NULL,'2016-10-2019:26:20.832'),(52,'1','8','正常','','2016-10-20 19:26:22',NULL,'2016-10-2019:26:20.832'),(53,'1','9','正常','','2016-10-20 19:26:22',NULL,'2016-10-2019:26:20.832'),(54,'1','10','正常','','2016-10-20 19:26:22',NULL,'2016-10-2019:26:20.832'),(55,'2','11','正常','','2016-10-20 19:26:22',NULL,'2016-10-2019:26:20.832'),(56,'2','12','正常','','2016-10-20 19:26:22',NULL,'2016-10-2019:26:20.832'),(57,'2','13','正常','','2016-10-20 19:26:22',NULL,'2016-10-2019:26:20.832'),(58,'2','14','正常','','2016-10-20 19:26:22',NULL,'2016-10-2019:26:20.832'),(59,'2','15','正常','','2016-10-20 19:26:22',NULL,'2016-10-2019:26:20.832'),(60,'2','16','正常','','2016-10-20 19:26:22',NULL,'2016-10-2019:26:20.832'),(61,'2','17','正常','','2016-10-20 19:26:22',NULL,'2016-10-2019:26:20.832'),(62,'2','18','正常','','2016-10-20 19:26:22',NULL,'2016-10-2019:26:20.832'),(63,'3','20','正常','','2016-10-20 19:26:23',NULL,'2016-10-2019:26:20.832'),(64,'3','21','正常','','2016-10-20 19:26:23',NULL,'2016-10-2019:26:20.832'),(65,'3','22','正常','','2016-10-20 19:26:24',NULL,'2016-10-2019:26:20.832'),(66,'3','23','正常','','2016-10-20 19:26:24',NULL,'2016-10-2019:26:20.832'),(67,'3','24','正常','','2016-10-20 19:26:25',NULL,'2016-10-2019:26:20.832'),(68,'3','25','正常','','2016-10-20 19:26:26',NULL,'2016-10-2019:26:20.832'),(69,'3','26','正常','','2016-10-20 19:26:26',NULL,'2016-10-2019:26:20.832'),(70,'3','27','正常','','2016-10-20 19:26:26',NULL,'2016-10-2019:26:20.832'),(71,'4','28','正常','','2016-10-20 19:26:26',NULL,'2016-10-2019:26:20.832'),(72,'4','29','正常','','2016-10-20 19:26:26',NULL,'2016-10-2019:26:20.832'),(73,'4','30','正常','','2016-10-20 19:26:26',NULL,'2016-10-2019:26:20.832'),(74,'4','32','正常','','2016-10-20 19:26:26',NULL,'2016-10-2019:26:20.832'),(75,'4','33','正常','','2016-10-20 19:26:27',NULL,'2016-10-2019:26:20.832'),(76,'4','34','正常','','2016-10-20 19:26:27',NULL,'2016-10-2019:26:20.832'),(77,'4','35','正常','','2016-10-20 19:26:27',NULL,'2016-10-2019:26:20.832'),(78,'4','36','正常','','2016-10-20 19:26:27',NULL,'2016-10-2019:26:20.832'),(79,'4','37','正常','','2016-10-20 19:26:27',NULL,'2016-10-2019:26:20.832'),(80,'4','38','正常','','2016-10-20 19:26:27',NULL,'2016-10-2019:26:20.832'),(81,'5','39','正常','','2016-10-20 19:26:27',NULL,'2016-10-2019:26:20.832'),(82,'6','45','错误','错误','2016-10-20 19:26:27',NULL,'2016-10-2019:26:20.832'),(83,'6','46','错误','错误','2016-10-20 19:26:27',NULL,'2016-10-2019:26:20.832'),(84,'7','40','错误','错误','2016-10-20 19:26:27',NULL,'2016-10-2019:26:20.832'),(85,'7','41','错误','错误','2016-10-20 19:26:27',NULL,'2016-10-2019:26:20.832'),(86,'7','42','错误','错误','2016-10-20 19:26:27',NULL,'2016-10-2019:26:20.832'),(87,'8','48','错误','错误','2016-10-20 19:26:27',NULL,'2016-10-2019:26:20.832'),(88,'8','49','错误','错误','2016-10-20 19:26:27',NULL,'2016-10-2019:26:20.832'),(89,'1','1','正常','','2016-10-20 19:26:51',NULL,'2016-10-2019:26:50.300'),(90,'1','2','正常','','2016-10-20 19:26:51',NULL,'2016-10-2019:26:50.300'),(91,'1','3','正常','','2016-10-20 19:26:51',NULL,'2016-10-2019:26:50.300'),(92,'1','4','正常','','2016-10-20 19:26:51',NULL,'2016-10-2019:26:50.300'),(93,'1','5','正常','','2016-10-20 19:26:51',NULL,'2016-10-2019:26:50.300'),(94,'1','6','正常','','2016-10-20 19:26:51',NULL,'2016-10-2019:26:50.300'),(95,'1','7','正常','','2016-10-20 19:26:51',NULL,'2016-10-2019:26:50.300'),(96,'1','8','正常','','2016-10-20 19:26:51',NULL,'2016-10-2019:26:50.300'),(97,'1','9','正常','','2016-10-20 19:26:51',NULL,'2016-10-2019:26:50.300'),(98,'1','10','正常','','2016-10-20 19:26:51',NULL,'2016-10-2019:26:50.300'),(99,'2','11','正常','','2016-10-20 19:26:51',NULL,'2016-10-2019:26:50.300'),(100,'2','12','正常','','2016-10-20 19:26:51',NULL,'2016-10-2019:26:50.300'),(101,'2','13','正常','','2016-10-20 19:26:51',NULL,'2016-10-2019:26:50.300'),(102,'2','14','正常','','2016-10-20 19:26:51',NULL,'2016-10-2019:26:50.300'),(103,'2','15','正常','','2016-10-20 19:26:51',NULL,'2016-10-2019:26:50.300'),(104,'2','16','正常','','2016-10-20 19:26:51',NULL,'2016-10-2019:26:50.300'),(105,'2','17','正常','','2016-10-20 19:26:52',NULL,'2016-10-2019:26:50.300'),(106,'2','18','正常','','2016-10-20 19:26:52',NULL,'2016-10-2019:26:50.300'),(107,'3','20','正常','','2016-10-20 19:26:52',NULL,'2016-10-2019:26:50.300'),(108,'3','21','正常','','2016-10-20 19:26:52',NULL,'2016-10-2019:26:50.300'),(109,'3','22','正常','','2016-10-20 19:26:52',NULL,'2016-10-2019:26:50.300'),(110,'3','23','正常','','2016-10-20 19:26:52',NULL,'2016-10-2019:26:50.300'),(111,'3','24','正常','','2016-10-20 19:26:53',NULL,'2016-10-2019:26:50.300'),(112,'3','25','正常','','2016-10-20 19:26:54',NULL,'2016-10-2019:26:50.300'),(113,'3','26','正常','','2016-10-20 19:26:54',NULL,'2016-10-2019:26:50.300'),(114,'3','27','正常','','2016-10-20 19:26:54',NULL,'2016-10-2019:26:50.300'),(115,'4','28','正常','','2016-10-20 19:26:54',NULL,'2016-10-2019:26:50.300'),(116,'4','29','正常','','2016-10-20 19:26:54',NULL,'2016-10-2019:26:50.300'),(117,'4','30','正常','','2016-10-20 19:26:54',NULL,'2016-10-2019:26:50.300'),(118,'4','32','正常','','2016-10-20 19:26:55',NULL,'2016-10-2019:26:50.300'),(119,'4','33','正常','','2016-10-20 19:26:55',NULL,'2016-10-2019:26:50.300'),(120,'4','34','正常','','2016-10-20 19:26:55',NULL,'2016-10-2019:26:50.300'),(121,'4','35','正常','','2016-10-20 19:26:55',NULL,'2016-10-2019:26:50.300'),(122,'4','36','正常','','2016-10-20 19:26:55',NULL,'2016-10-2019:26:50.300'),(123,'4','37','正常','','2016-10-20 19:26:55',NULL,'2016-10-2019:26:50.300'),(124,'4','38','正常','','2016-10-20 19:26:55',NULL,'2016-10-2019:26:50.300'),(125,'5','39','正常','','2016-10-20 19:26:55',NULL,'2016-10-2019:26:50.300'),(126,'6','45','错误','错误','2016-10-20 19:26:55',NULL,'2016-10-2019:26:50.300'),(127,'6','46','错误','错误','2016-10-20 19:26:55',NULL,'2016-10-2019:26:50.300'),(128,'7','40','错误','错误','2016-10-20 19:26:55',NULL,'2016-10-2019:26:50.300'),(129,'7','41','错误','错误','2016-10-20 19:26:55',NULL,'2016-10-2019:26:50.300'),(130,'7','42','错误','错误','2016-10-20 19:26:55',NULL,'2016-10-2019:26:50.300'),(131,'8','48','错误','错误','2016-10-20 19:26:55',NULL,'2016-10-2019:26:50.300'),(132,'8','49','错误','错误','2016-10-20 19:26:55',NULL,'2016-10-2019:26:50.300'),(133,'1','1','正常','','2016-10-20 19:29:59',NULL,'2016-10-2019:29:59.101'),(134,'1','2','正常','','2016-10-20 19:30:00',NULL,'2016-10-2019:29:59.101'),(135,'1','3','正常','','2016-10-20 19:30:00',NULL,'2016-10-2019:29:59.101'),(136,'1','4','正常','','2016-10-20 19:30:00',NULL,'2016-10-2019:29:59.101'),(137,'1','5','正常','','2016-10-20 19:30:00',NULL,'2016-10-2019:29:59.101'),(138,'1','6','正常','','2016-10-20 19:30:00',NULL,'2016-10-2019:29:59.101'),(139,'1','7','正常','','2016-10-20 19:30:00',NULL,'2016-10-2019:29:59.101'),(140,'1','8','正常','','2016-10-20 19:30:00',NULL,'2016-10-2019:29:59.101'),(141,'1','9','正常','','2016-10-20 19:30:00',NULL,'2016-10-2019:29:59.101'),(142,'1','10','正常','','2016-10-20 19:30:00',NULL,'2016-10-2019:29:59.101'),(143,'2','11','正常','','2016-10-20 19:30:00',NULL,'2016-10-2019:29:59.101'),(144,'2','12','正常','','2016-10-20 19:30:00',NULL,'2016-10-2019:29:59.101'),(145,'2','13','正常','','2016-10-20 19:30:00',NULL,'2016-10-2019:29:59.101'),(146,'2','14','正常','','2016-10-20 19:30:00',NULL,'2016-10-2019:29:59.101'),(147,'2','15','正常','','2016-10-20 19:30:00',NULL,'2016-10-2019:29:59.101'),(148,'2','16','正常','','2016-10-20 19:30:00',NULL,'2016-10-2019:29:59.101'),(149,'2','17','正常','','2016-10-20 19:30:00',NULL,'2016-10-2019:29:59.101'),(150,'2','18','正常','','2016-10-20 19:30:01',NULL,'2016-10-2019:29:59.101'),(151,'1','1','正常','','2016-10-20 19:36:11',NULL,'2016-10-2019:36:10.620'),(152,'1','2','正常','','2016-10-20 19:36:11',NULL,'2016-10-2019:36:10.620'),(153,'1','3','正常','','2016-10-20 19:36:11',NULL,'2016-10-2019:36:10.620'),(154,'1','4','正常','','2016-10-20 19:36:11',NULL,'2016-10-2019:36:10.620'),(155,'1','5','正常','','2016-10-20 19:36:11',NULL,'2016-10-2019:36:10.620'),(156,'1','6','正常','','2016-10-20 19:36:11',NULL,'2016-10-2019:36:10.620'),(157,'1','7','正常','','2016-10-20 19:36:11',NULL,'2016-10-2019:36:10.620'),(158,'1','8','正常','','2016-10-20 19:36:12',NULL,'2016-10-2019:36:10.620'),(159,'1','9','正常','','2016-10-20 19:36:12',NULL,'2016-10-2019:36:10.620'),(160,'1','10','正常','','2016-10-20 19:36:12',NULL,'2016-10-2019:36:10.620'),(161,'2','11','正常','','2016-10-20 19:36:12',NULL,'2016-10-2019:36:10.620'),(162,'2','12','正常','','2016-10-20 19:36:12',NULL,'2016-10-2019:36:10.620'),(163,'2','13','正常','','2016-10-20 19:36:12',NULL,'2016-10-2019:36:10.620'),(164,'2','14','正常','','2016-10-20 19:36:12',NULL,'2016-10-2019:36:10.620'),(165,'2','15','正常','','2016-10-20 19:36:12',NULL,'2016-10-2019:36:10.620'),(166,'2','16','正常','','2016-10-20 19:36:12',NULL,'2016-10-2019:36:10.620'),(167,'2','17','正常','','2016-10-20 19:36:12',NULL,'2016-10-2019:36:10.620'),(168,'2','18','正常','','2016-10-20 19:36:12',NULL,'2016-10-2019:36:10.620'),(169,'3','20','正常','','2016-10-20 19:36:13',NULL,'2016-10-2019:36:10.620'),(170,'3','21','正常','','2016-10-20 19:36:13',NULL,'2016-10-2019:36:10.620'),(171,'3','22','正常','','2016-10-20 19:36:13',NULL,'2016-10-2019:36:10.620'),(172,'3','23','正常','','2016-10-20 19:36:14',NULL,'2016-10-2019:36:10.620'),(173,'3','24','正常','','2016-10-20 19:36:15',NULL,'2016-10-2019:36:10.620'),(174,'3','25','正常','','2016-10-20 19:36:16',NULL,'2016-10-2019:36:10.620'),(175,'3','26','正常','','2016-10-20 19:36:16',NULL,'2016-10-2019:36:10.620'),(176,'3','27','正常','','2016-10-20 19:36:16',NULL,'2016-10-2019:36:10.620'),(177,'4','28','正常','','2016-10-20 19:36:16',NULL,'2016-10-2019:36:10.620'),(178,'4','29','正常','','2016-10-20 19:36:16',NULL,'2016-10-2019:36:10.620'),(179,'4','30','正常','','2016-10-20 19:36:16',NULL,'2016-10-2019:36:10.620'),(180,'4','32','正常','','2016-10-20 19:36:16',NULL,'2016-10-2019:36:10.620'),(181,'4','33','正常','','2016-10-20 19:36:17',NULL,'2016-10-2019:36:10.620'),(182,'4','34','正常','','2016-10-20 19:36:17',NULL,'2016-10-2019:36:10.620'),(183,'4','35','正常','','2016-10-20 19:36:17',NULL,'2016-10-2019:36:10.620'),(184,'4','36','正常','','2016-10-20 19:36:17',NULL,'2016-10-2019:36:10.620'),(185,'4','37','正常','','2016-10-20 19:36:17',NULL,'2016-10-2019:36:10.620'),(186,'4','38','正常','','2016-10-20 19:36:17',NULL,'2016-10-2019:36:10.620'),(187,'5','39','正常','','2016-10-20 19:36:17',NULL,'2016-10-2019:36:10.620'),(188,'6','45','错误','错误','2016-10-20 19:36:17',NULL,'2016-10-2019:36:10.620'),(189,'6','46','错误','错误','2016-10-20 19:36:17',NULL,'2016-10-2019:36:10.620'),(190,'7','40','错误','错误','2016-10-20 19:36:17',NULL,'2016-10-2019:36:10.620'),(191,'7','41','错误','错误','2016-10-20 19:36:17',NULL,'2016-10-2019:36:10.620'),(192,'7','42','错误','错误','2016-10-20 19:36:17',NULL,'2016-10-2019:36:10.620'),(193,'8','48','错误','错误','2016-10-20 19:36:17',NULL,'2016-10-2019:36:10.620'),(194,'8','49','错误','错误','2016-10-20 19:36:17',NULL,'2016-10-2019:36:10.620'),(195,'1','1','正常','','2016-10-20 19:38:21',NULL,'2016-10-2019:38:21.076'),(196,'1','2','正常','','2016-10-20 19:38:22',NULL,'2016-10-2019:38:21.076'),(197,'1','3','正常','','2016-10-20 19:38:22',NULL,'2016-10-2019:38:21.076'),(198,'1','4','正常','','2016-10-20 19:38:22',NULL,'2016-10-2019:38:21.076'),(199,'1','5','正常','','2016-10-20 19:38:22',NULL,'2016-10-2019:38:21.076'),(200,'1','6','正常','','2016-10-20 19:38:22',NULL,'2016-10-2019:38:21.076'),(201,'1','7','正常','','2016-10-20 19:38:22',NULL,'2016-10-2019:38:21.076'),(202,'1','8','正常','','2016-10-20 19:38:22',NULL,'2016-10-2019:38:21.076'),(203,'1','9','正常','','2016-10-20 19:38:22',NULL,'2016-10-2019:38:21.076'),(204,'1','10','正常','','2016-10-20 19:38:22',NULL,'2016-10-2019:38:21.076'),(205,'2','11','正常','','2016-10-20 19:38:22',NULL,'2016-10-2019:38:21.076'),(206,'2','12','正常','','2016-10-20 19:38:22',NULL,'2016-10-2019:38:21.076'),(207,'2','13','正常','','2016-10-20 19:38:22',NULL,'2016-10-2019:38:21.076'),(208,'2','14','正常','','2016-10-20 19:38:22',NULL,'2016-10-2019:38:21.076'),(209,'2','15','正常','','2016-10-20 19:38:22',NULL,'2016-10-2019:38:21.076'),(210,'2','16','正常','','2016-10-20 19:38:22',NULL,'2016-10-2019:38:21.076'),(211,'2','17','正常','','2016-10-20 19:38:23',NULL,'2016-10-2019:38:21.076'),(212,'2','18','正常','','2016-10-20 19:38:23',NULL,'2016-10-2019:38:21.076'),(213,'3','20','错误','错误','2016-10-20 19:38:23',NULL,'2016-10-2019:38:21.076'),(214,'3','21','错误','错误','2016-10-20 19:38:23',NULL,'2016-10-2019:38:21.076'),(215,'3','22','错误','错误','2016-10-20 19:38:23',NULL,'2016-10-2019:38:21.076'),(216,'1','1','正常','','2016-10-20 19:40:11',NULL,'2016-10-2019:40:10.783'),(217,'1','2','正常','','2016-10-20 19:40:11',NULL,'2016-10-2019:40:10.783'),(218,'1','3','正常','','2016-10-20 19:40:11',NULL,'2016-10-2019:40:10.783'),(219,'1','4','正常','','2016-10-20 19:40:11',NULL,'2016-10-2019:40:10.783'),(220,'1','5','正常','','2016-10-20 19:40:11',NULL,'2016-10-2019:40:10.783'),(221,'1','6','正常','','2016-10-20 19:40:11',NULL,'2016-10-2019:40:10.783'),(222,'1','7','正常','','2016-10-20 19:40:12',NULL,'2016-10-2019:40:10.783'),(223,'1','8','正常','','2016-10-20 19:40:12',NULL,'2016-10-2019:40:10.783'),(224,'1','9','正常','','2016-10-20 19:40:12',NULL,'2016-10-2019:40:10.783'),(225,'1','10','正常','','2016-10-20 19:40:12',NULL,'2016-10-2019:40:10.783'),(226,'2','11','正常','','2016-10-20 19:40:12',NULL,'2016-10-2019:40:10.783'),(227,'2','12','正常','','2016-10-20 19:40:12',NULL,'2016-10-2019:40:10.783'),(228,'2','13','正常','','2016-10-20 19:40:12',NULL,'2016-10-2019:40:10.783'),(229,'2','14','正常','','2016-10-20 19:40:12',NULL,'2016-10-2019:40:10.783'),(230,'2','15','正常','','2016-10-20 19:40:12',NULL,'2016-10-2019:40:10.783'),(231,'2','16','正常','','2016-10-20 19:40:12',NULL,'2016-10-2019:40:10.783'),(232,'2','17','正常','','2016-10-20 19:40:12',NULL,'2016-10-2019:40:10.783'),(233,'2','18','正常','','2016-10-20 19:40:13',NULL,'2016-10-2019:40:10.783'),(234,'1','1','正常','','2016-10-20 19:41:54',NULL,'2016-10-2019:41:54.205'),(235,'1','2','正常','','2016-10-20 19:41:55',NULL,'2016-10-2019:41:54.205'),(236,'1','3','正常','','2016-10-20 19:41:55',NULL,'2016-10-2019:41:54.205'),(237,'1','4','正常','','2016-10-20 19:41:55',NULL,'2016-10-2019:41:54.205'),(238,'1','5','正常','','2016-10-20 19:41:55',NULL,'2016-10-2019:41:54.205'),(239,'1','6','正常','','2016-10-20 19:41:55',NULL,'2016-10-2019:41:54.205'),(240,'1','7','正常','','2016-10-20 19:41:55',NULL,'2016-10-2019:41:54.205'),(241,'1','8','正常','','2016-10-20 19:41:55',NULL,'2016-10-2019:41:54.205'),(242,'1','9','正常','','2016-10-20 19:41:55',NULL,'2016-10-2019:41:54.205'),(243,'1','10','正常','','2016-10-20 19:41:55',NULL,'2016-10-2019:41:54.205'),(244,'2','11','正常','','2016-10-20 19:41:55',NULL,'2016-10-2019:41:54.205'),(245,'2','12','正常','','2016-10-20 19:41:55',NULL,'2016-10-2019:41:54.205'),(246,'2','13','正常','','2016-10-20 19:41:55',NULL,'2016-10-2019:41:54.205'),(247,'2','14','正常','','2016-10-20 19:41:55',NULL,'2016-10-2019:41:54.205'),(248,'2','15','正常','','2016-10-20 19:41:55',NULL,'2016-10-2019:41:54.205'),(249,'2','16','正常','','2016-10-20 19:41:55',NULL,'2016-10-2019:41:54.205'),(250,'2','17','正常','','2016-10-20 19:41:56',NULL,'2016-10-2019:41:54.205'),(251,'2','18','正常','','2016-10-20 19:41:56',NULL,'2016-10-2019:41:54.205'),(252,'3','20','正常','','2016-10-20 19:41:56',NULL,'2016-10-2019:41:54.205'),(253,'1','1','正常','','2016-10-20 19:42:15',NULL,'2016-10-2019:42:14.961'),(254,'1','2','正常','','2016-10-20 19:42:15',NULL,'2016-10-2019:42:14.961'),(255,'1','3','正常','','2016-10-20 19:42:16',NULL,'2016-10-2019:42:14.961'),(256,'1','4','正常','','2016-10-20 19:42:16',NULL,'2016-10-2019:42:14.961'),(257,'1','5','正常','','2016-10-20 19:42:16',NULL,'2016-10-2019:42:14.961'),(258,'1','6','正常','','2016-10-20 19:42:16',NULL,'2016-10-2019:42:14.961'),(259,'1','7','正常','','2016-10-20 19:42:16',NULL,'2016-10-2019:42:14.961'),(260,'1','8','正常','','2016-10-20 19:42:16',NULL,'2016-10-2019:42:14.961'),(261,'1','9','正常','','2016-10-20 19:42:16',NULL,'2016-10-2019:42:14.961'),(262,'1','10','正常','','2016-10-20 19:42:16',NULL,'2016-10-2019:42:14.961'),(263,'2','11','正常','','2016-10-20 19:42:16',NULL,'2016-10-2019:42:14.961'),(264,'2','12','正常','','2016-10-20 19:42:16',NULL,'2016-10-2019:42:14.961'),(265,'2','13','正常','','2016-10-20 19:42:16',NULL,'2016-10-2019:42:14.961'),(266,'2','14','正常','','2016-10-20 19:42:16',NULL,'2016-10-2019:42:14.961'),(267,'2','15','正常','','2016-10-20 19:42:16',NULL,'2016-10-2019:42:14.961'),(268,'2','16','正常','','2016-10-20 19:42:16',NULL,'2016-10-2019:42:14.961'),(269,'2','17','正常','','2016-10-20 19:42:16',NULL,'2016-10-2019:42:14.961'),(270,'2','18','正常','','2016-10-20 19:42:16',NULL,'2016-10-2019:42:14.961'),(271,'1','1','正常','','2016-10-20 19:47:14',NULL,'2016-10-2019:47:14.021'),(272,'1','2','正常','','2016-10-20 19:47:15',NULL,'2016-10-2019:47:14.021'),(273,'1','3','正常','','2016-10-20 19:47:15',NULL,'2016-10-2019:47:14.021'),(274,'1','4','正常','','2016-10-20 19:47:15',NULL,'2016-10-2019:47:14.021'),(275,'1','5','正常','','2016-10-20 19:47:15',NULL,'2016-10-2019:47:14.021'),(276,'1','6','正常','','2016-10-20 19:47:15',NULL,'2016-10-2019:47:14.021'),(277,'1','7','正常','','2016-10-20 19:47:15',NULL,'2016-10-2019:47:14.021'),(278,'1','8','正常','','2016-10-20 19:47:15',NULL,'2016-10-2019:47:14.021'),(279,'1','9','正常','','2016-10-20 19:47:15',NULL,'2016-10-2019:47:14.021'),(280,'1','10','正常','','2016-10-20 19:47:15',NULL,'2016-10-2019:47:14.021'),(281,'2','11','正常','','2016-10-20 19:47:15',NULL,'2016-10-2019:47:14.021'),(282,'2','12','正常','','2016-10-20 19:47:15',NULL,'2016-10-2019:47:14.021'),(283,'2','13','正常','','2016-10-20 19:47:15',NULL,'2016-10-2019:47:14.021'),(284,'2','14','正常','','2016-10-20 19:47:15',NULL,'2016-10-2019:47:14.021'),(285,'2','15','正常','','2016-10-20 19:47:15',NULL,'2016-10-2019:47:14.021'),(286,'2','16','正常','','2016-10-20 19:47:15',NULL,'2016-10-2019:47:14.021'),(287,'2','17','正常','','2016-10-20 19:47:15',NULL,'2016-10-2019:47:14.021'),(288,'2','18','正常','','2016-10-20 19:47:15',NULL,'2016-10-2019:47:14.021'),(289,'3','20','正常','','2016-10-20 19:47:16',NULL,'2016-10-2019:47:14.021'),(290,'3','21','正常','','2016-10-20 19:47:16',NULL,'2016-10-2019:47:14.021'),(291,'3','22','正常','','2016-10-20 19:47:16',NULL,'2016-10-2019:47:14.021'),(292,'3','23','正常','','2016-10-20 19:47:16',NULL,'2016-10-2019:47:14.021'),(293,'3','24','正常','','2016-10-20 19:47:16',NULL,'2016-10-2019:47:14.021'),(294,'3','25','正常','','2016-10-20 19:47:17',NULL,'2016-10-2019:47:14.021'),(295,'3','26','正常','','2016-10-20 19:47:17',NULL,'2016-10-2019:47:14.021'),(296,'3','27','正常','','2016-10-20 19:47:17',NULL,'2016-10-2019:47:14.021'),(297,'4','28','正常','','2016-10-20 19:47:17',NULL,'2016-10-2019:47:14.021'),(298,'4','29','正常','','2016-10-20 19:47:18',NULL,'2016-10-2019:47:14.021'),(299,'4','30','正常','','2016-10-20 19:47:18',NULL,'2016-10-2019:47:14.021'),(300,'4','32','正常','','2016-10-20 19:47:18',NULL,'2016-10-2019:47:14.021'),(301,'4','33','正常','','2016-10-20 19:47:18',NULL,'2016-10-2019:47:14.021'),(302,'4','34','正常','','2016-10-20 19:47:18',NULL,'2016-10-2019:47:14.021'),(303,'4','35','正常','','2016-10-20 19:47:18',NULL,'2016-10-2019:47:14.021'),(304,'4','36','正常','','2016-10-20 19:47:18',NULL,'2016-10-2019:47:14.021'),(305,'4','37','正常','','2016-10-20 19:47:18',NULL,'2016-10-2019:47:14.021'),(306,'4','38','正常','','2016-10-20 19:47:18',NULL,'2016-10-2019:47:14.021'),(307,'5','39','正常','','2016-10-20 19:47:18',NULL,'2016-10-2019:47:14.021'),(308,'6','45','错误','错误\n','2016-10-20 19:47:18',NULL,'2016-10-2019:47:14.021'),(309,'6','46','错误','错误\n','2016-10-20 19:47:18',NULL,'2016-10-2019:47:14.021'),(310,'7','40','错误','错误\n','2016-10-20 19:47:18',NULL,'2016-10-2019:47:14.021'),(311,'7','41','错误','错误\n','2016-10-20 19:47:18',NULL,'2016-10-2019:47:14.021'),(312,'7','42','错误','错误\n','2016-10-20 19:47:18',NULL,'2016-10-2019:47:14.021'),(313,'8','48','错误','错误\n','2016-10-20 19:47:18',NULL,'2016-10-2019:47:14.021'),(314,'8','49','错误','错误\n','2016-10-20 19:47:18',NULL,'2016-10-2019:47:14.021'),(315,'1','1','正常','','2016-10-20 20:09:42',NULL,'20161020200941.894'),(316,'1','2','正常','','2016-10-20 20:09:43',NULL,'20161020200941.894'),(317,'1','3','正常','','2016-10-20 20:09:43',NULL,'20161020200941.894'),(318,'1','4','正常','','2016-10-20 20:09:43',NULL,'20161020200941.894'),(319,'1','5','正常','','2016-10-20 20:09:43',NULL,'20161020200941.894'),(320,'1','6','正常','','2016-10-20 20:09:43',NULL,'20161020200941.894'),(321,'1','7','正常','','2016-10-20 20:09:43',NULL,'20161020200941.894'),(322,'1','8','正常','','2016-10-20 20:09:43',NULL,'20161020200941.894'),(323,'1','9','正常','','2016-10-20 20:09:43',NULL,'20161020200941.894'),(324,'1','10','正常','','2016-10-20 20:09:43',NULL,'20161020200941.894'),(325,'2','11','正常','','2016-10-20 20:09:43',NULL,'20161020200941.894'),(326,'2','12','正常','','2016-10-20 20:09:43',NULL,'20161020200941.894'),(327,'2','13','正常','','2016-10-20 20:09:43',NULL,'20161020200941.894'),(328,'2','14','正常','','2016-10-20 20:09:43',NULL,'20161020200941.894'),(329,'2','15','正常','','2016-10-20 20:09:43',NULL,'20161020200941.894'),(330,'2','16','正常','','2016-10-20 20:09:43',NULL,'20161020200941.894'),(331,'2','17','正常','','2016-10-20 20:09:44',NULL,'20161020200941.894'),(332,'2','18','正常','','2016-10-20 20:09:44',NULL,'20161020200941.894'),(333,'3','20','正常','','2016-10-20 20:09:44',NULL,'20161020200941.894'),(334,'3','21','正常','','2016-10-20 20:09:45',NULL,'20161020200941.894'),(335,'3','22','正常','','2016-10-20 20:09:45',NULL,'20161020200941.894'),(336,'3','23','正常','','2016-10-20 20:09:45',NULL,'20161020200941.894'),(337,'3','24','正常','','2016-10-20 20:09:46',NULL,'20161020200941.894'),(338,'3','25','正常','','2016-10-20 20:09:46',NULL,'20161020200941.894'),(339,'3','26','正常','','2016-10-20 20:09:46',NULL,'20161020200941.894'),(340,'3','27','正常','','2016-10-20 20:09:46',NULL,'20161020200941.894'),(341,'4','28','正常','','2016-10-20 20:09:46',NULL,'20161020200941.894'),(342,'4','29','正常','','2016-10-20 20:09:47',NULL,'20161020200941.894'),(343,'4','30','正常','','2016-10-20 20:09:47',NULL,'20161020200941.894'),(344,'4','31','暂不监控','','2016-10-20 20:09:47',NULL,'20161020200941.894'),(345,'4','32','暂不监控','','2016-10-20 20:09:47',NULL,'20161020200941.894'),(346,'4','33','暂不监控','','2016-10-20 20:09:47',NULL,'20161020200941.894'),(347,'4','34','暂不监控','','2016-10-20 20:09:47',NULL,'20161020200941.894'),(348,'4','35','暂不监控','','2016-10-20 20:09:47',NULL,'20161020200941.894'),(349,'4','36','暂不监控','','2016-10-20 20:09:47',NULL,'20161020200941.894'),(350,'4','37','暂不监控','','2016-10-20 20:09:47',NULL,'20161020200941.894'),(351,'4','38','暂不监控','','2016-10-20 20:09:47',NULL,'20161020200941.894'),(352,'5','39','正常','','2016-10-20 20:09:47',NULL,'20161020200941.894'),(353,'6','45','错误','错误错误:java.sql.SQLException: Access denied for user \'null\'@\'10.17.183.43\' (using password: YES)\r\n	at com.mysql.jdbc.SQLError.createSQLException(SQLError.java:963)\r\n	at com.mysql.jdbc.MysqlIO.checkErrorPacket(MysqlIO.java:3966)\r\n	at com.mysql.jdbc.MysqlIO.checkErrorPacket(MysqlIO.java:3902)\r\n	at com.mysql.jdbc.MysqlIO.checkErrorPacket(MysqlIO.java:875)\r\n	at com.mysql.jdbc.MysqlIO.proceedHandshakeWithPluggableAuthentication(MysqlIO.java:1712)\r\n	at com.mysql.jdbc.MysqlIO.doHandshake(MysqlIO.java:1228)\r\n	at com.mysql.jdbc.ConnectionImpl.coreConnect(ConnectionImpl.java:2253)\r\n	at com.mysql.jdbc.ConnectionImpl.connectOneTryOnly(ConnectionImpl.java:2284)\r\n	at com.mysql.jdbc.ConnectionImpl.createNewIO(ConnectionImpl.java:2083)\r\n	at com.mysql.jdbc.ConnectionImpl.<init>(ConnectionImpl.java:806)\r\n	at com.mysql.jdbc.JDBC4Connection.<init>(JDBC4Connection.java:47)\r\n	at sun.reflect.NativeConstructorAccessorImpl.newInstance0(Native Method)\r\n	at sun.reflect.NativeConstructorAccessorImpl.newInstance(NativeConstructorAccessorImpl.java:57)\r\n	at sun.reflect.DelegatingConstructorAccessorImpl.newInstance(DelegatingConstructorAccessorImpl.java:45)\r\n	at java.lang.reflect.Constructor.newInstance(Constructor.java:526)\r\n	at com.mysql.jdbc.Util.handleNewInstance(Util.java:404)\r\n	at com.mysql.jdbc.ConnectionImpl.getInstance(ConnectionImpl.java:410)\r\n	at com.mysql.jdbc.NonRegisteringDriver.connect(NonRegisteringDriver.java:328)\r\n	at java.sql.DriverManager.getConnection(DriverManager.java:571)\r\n	at java.sql.DriverManager.getConnection(DriverManager.java:215)\r\n	at com.johnny.monitor.business.service.MonitorMysql.getConnection(MonitorMysql.java:121)\r\n	at com.johnny.monitor.business.service.MonitorMysql.testResultSet(MonitorMysql.java:70)\r\n	at com.johnny.monitor.business.service.MonitorMysql.execute(MonitorMysql.java:37)\r\n	at com.johnny.monitor.common.run.SystemMonitorThread$1.call(SystemMonitorThread.java:92)\r\n	at com.johnny.monitor.common.run.SystemMonitorThread$1.call(SystemMonitorThread.java:1)\r\n	at java.util.concurrent.FutureTask.run(FutureTask.java:262)\r\n	at java.util.concurrent.ThreadPoolExecutor.runWorker(ThreadPoolExecutor.java:1145)\r\n	at java.util.concurrent.ThreadPoolExecutor$Worker.run(ThreadPoolExecutor.java:615)\r\n	at java.lang.Thread.run(Thread.java:745)\r\n\n','2016-10-20 20:09:47',NULL,'20161020200941.894'),(354,'6','46','错误','错误错误:java.sql.SQLException: Access denied for user \'null\'@\'10.17.183.43\' (using password: YES)\r\n	at com.mysql.jdbc.SQLError.createSQLException(SQLError.java:963)\r\n	at com.mysql.jdbc.MysqlIO.checkErrorPacket(MysqlIO.java:3966)\r\n	at com.mysql.jdbc.MysqlIO.checkErrorPacket(MysqlIO.java:3902)\r\n	at com.mysql.jdbc.MysqlIO.checkErrorPacket(MysqlIO.java:875)\r\n	at com.mysql.jdbc.MysqlIO.proceedHandshakeWithPluggableAuthentication(MysqlIO.java:1712)\r\n	at com.mysql.jdbc.MysqlIO.doHandshake(MysqlIO.java:1228)\r\n	at com.mysql.jdbc.ConnectionImpl.coreConnect(ConnectionImpl.java:2253)\r\n	at com.mysql.jdbc.ConnectionImpl.connectOneTryOnly(ConnectionImpl.java:2284)\r\n	at com.mysql.jdbc.ConnectionImpl.createNewIO(ConnectionImpl.java:2083)\r\n	at com.mysql.jdbc.ConnectionImpl.<init>(ConnectionImpl.java:806)\r\n	at com.mysql.jdbc.JDBC4Connection.<init>(JDBC4Connection.java:47)\r\n	at sun.reflect.NativeConstructorAccessorImpl.newInstance0(Native Method)\r\n	at sun.reflect.NativeConstructorAccessorImpl.newInstance(NativeConstructorAccessorImpl.java:57)\r\n	at sun.reflect.DelegatingConstructorAccessorImpl.newInstance(DelegatingConstructorAccessorImpl.java:45)\r\n	at java.lang.reflect.Constructor.newInstance(Constructor.java:526)\r\n	at com.mysql.jdbc.Util.handleNewInstance(Util.java:404)\r\n	at com.mysql.jdbc.ConnectionImpl.getInstance(ConnectionImpl.java:410)\r\n	at com.mysql.jdbc.NonRegisteringDriver.connect(NonRegisteringDriver.java:328)\r\n	at java.sql.DriverManager.getConnection(DriverManager.java:571)\r\n	at java.sql.DriverManager.getConnection(DriverManager.java:215)\r\n	at com.johnny.monitor.business.service.MonitorMysql.getConnection(MonitorMysql.java:121)\r\n	at com.johnny.monitor.business.service.MonitorMysql.testResultSet(MonitorMysql.java:70)\r\n	at com.johnny.monitor.business.service.MonitorMysql.execute(MonitorMysql.java:37)\r\n	at com.johnny.monitor.common.run.SystemMonitorThread$1.call(SystemMonitorThread.java:92)\r\n	at com.johnny.monitor.common.run.SystemMonitorThread$1.call(SystemMonitorThread.java:1)\r\n	at java.util.concurrent.FutureTask.run(FutureTask.java:262)\r\n	at java.util.concurrent.ThreadPoolExecutor.runWorker(ThreadPoolExecutor.java:1145)\r\n	at java.util.concurrent.ThreadPoolExecutor$Worker.run(ThreadPoolExecutor.java:615)\r\n	at java.lang.Thread.run(Thread.java:745)\r\n\n错误错误:java.sql.SQLException: Access denied for user \'null\'@\'10.17.183.43\' (using password: YES)\r\n	at com.mysql.jdbc.SQLError.createSQLException(SQLError.java:963)\r\n	at com.mysql.jdbc.MysqlIO.checkErrorPacket(MysqlIO.java:3966)\r\n	at com.mysql.jdbc.MysqlIO.checkErrorPacket(MysqlIO.java:3902)\r\n	at com.mysql.jdbc.MysqlIO.checkErrorPacket(MysqlIO.java:875)\r\n	at com.mysql.jdbc.MysqlIO.proceedHandshakeWithPluggableAuthentication(MysqlIO.java:1712)\r\n	at com.mysql.jdbc.MysqlIO.doHandshake(MysqlIO.java:1228)\r\n	at com.mysql.jdbc.ConnectionImpl.coreConnect(ConnectionImpl.java:2253)\r\n	at com.mysql.jdbc.ConnectionImpl.connectOneTryOnly(ConnectionImpl.java:2284)\r\n	at com.mysql.jdbc.ConnectionImpl.createNewIO(ConnectionImpl.java:2083)\r\n	at com.mysql.jdbc.ConnectionImpl.<init>(ConnectionImpl.java:806)\r\n	at com.mysql.jdbc.JDBC4Connection.<init>(JDBC4Connection.java:47)\r\n	at sun.reflect.NativeConstructorAccessorImpl.newInstance0(Native Method)\r\n	at sun.reflect.NativeConstructorAccessorImpl.newInstance(NativeConstructorAccessorImpl.java:57)\r\n	at sun.reflect.DelegatingConstructorAccessorImpl.newInstance(DelegatingConstructorAccessorImpl.java:45)\r\n	at java.lang.reflect.Constructor.newInstance(Constructor.java:526)\r\n	at com.mysql.jdbc.Util.handleNewInstance(Util.java:404)\r\n	at com.mysql.jdbc.ConnectionImpl.getInstance(ConnectionImpl.java:410)\r\n	at com.mysql.jdbc.NonRegisteringDriver.connect(NonRegisteringDriver.java:328)\r\n	at java.sql.DriverManager.getConnection(DriverManager.java:571)\r\n	at java.sql.DriverManager.getConnection(DriverManager.java:215)\r\n	at com.johnny.monitor.business.service.MonitorMysql.getConnection(MonitorMysql.java:121)\r\n	at com.johnny.monitor.business.service.MonitorMysql.testResultSet(MonitorMysql.java:70)\r\n	at com.johnny.monitor.business.service.MonitorMysql.execute(MonitorMysql.java:37)\r\n	at com.johnny.monitor.common.run.SystemMonitorThread$1.call(SystemMonitorThread.java:92)\r\n	at com.johnny.monitor.common.run.SystemMonitorThread$1.call(SystemMonitorThread.java:1)\r\n	at java.util.concurrent.FutureTask.run(FutureTask.java:262)\r\n	at java.util.concurrent.ThreadPoolExecutor.runWorker(ThreadPoolExecutor.java:1145)\r\n	at java.util.concurrent.ThreadPoolExecutor$Worker.run(ThreadPoolExecutor.java:615)\r\n	at java.lang.Thread.run(Thread.java:745)\r\n\n','2016-10-20 20:09:48',NULL,'20161020200941.894'),(355,'6','47','暂不监控','错误错误:java.sql.SQLException: Access denied for user \'null\'@\'10.17.183.43\' (using password: YES)\r\n	at com.mysql.jdbc.SQLError.createSQLException(SQLError.java:963)\r\n	at com.mysql.jdbc.MysqlIO.checkErrorPacket(MysqlIO.java:3966)\r\n	at com.mysql.jdbc.MysqlIO.checkErrorPacket(MysqlIO.java:3902)\r\n	at com.mysql.jdbc.MysqlIO.checkErrorPacket(MysqlIO.java:875)\r\n	at com.mysql.jdbc.MysqlIO.proceedHandshakeWithPluggableAuthentication(MysqlIO.java:1712)\r\n	at com.mysql.jdbc.MysqlIO.doHandshake(MysqlIO.java:1228)\r\n	at com.mysql.jdbc.ConnectionImpl.coreConnect(ConnectionImpl.java:2253)\r\n	at com.mysql.jdbc.ConnectionImpl.connectOneTryOnly(ConnectionImpl.java:2284)\r\n	at com.mysql.jdbc.ConnectionImpl.createNewIO(ConnectionImpl.java:2083)\r\n	at com.mysql.jdbc.ConnectionImpl.<init>(ConnectionImpl.java:806)\r\n	at com.mysql.jdbc.JDBC4Connection.<init>(JDBC4Connection.java:47)\r\n	at sun.reflect.NativeConstructorAccessorImpl.newInstance0(Native Method)\r\n	at sun.reflect.NativeConstructorAccessorImpl.newInstance(NativeConstructorAccessorImpl.java:57)\r\n	at sun.reflect.DelegatingConstructorAccessorImpl.newInstance(DelegatingConstructorAccessorImpl.java:45)\r\n	at java.lang.reflect.Constructor.newInstance(Constructor.java:526)\r\n	at com.mysql.jdbc.Util.handleNewInstance(Util.java:404)\r\n	at com.mysql.jdbc.ConnectionImpl.getInstance(ConnectionImpl.java:410)\r\n	at com.mysql.jdbc.NonRegisteringDriver.connect(NonRegisteringDriver.java:328)\r\n	at java.sql.DriverManager.getConnection(DriverManager.java:571)\r\n	at java.sql.DriverManager.getConnection(DriverManager.java:215)\r\n	at com.johnny.monitor.business.service.MonitorMysql.getConnection(MonitorMysql.java:121)\r\n	at com.johnny.monitor.business.service.MonitorMysql.testResultSet(MonitorMysql.java:70)\r\n	at com.johnny.monitor.business.service.MonitorMysql.execute(MonitorMysql.java:37)\r\n	at com.johnny.monitor.common.run.SystemMonitorThread$1.call(SystemMonitorThread.java:92)\r\n	at com.johnny.monitor.common.run.SystemMonitorThread$1.call(SystemMonitorThread.java:1)\r\n	at java.util.concurrent.FutureTask.run(FutureTask.java:262)\r\n	at java.util.concurrent.ThreadPoolExecutor.runWorker(ThreadPoolExecutor.java:1145)\r\n	at java.util.concurrent.ThreadPoolExecutor$Worker.run(ThreadPoolExecutor.java:615)\r\n	at java.lang.Thread.run(Thread.java:745)\r\n\n错误错误:java.sql.SQLException: Access denied for user \'null\'@\'10.17.183.43\' (using password: YES)\r\n	at com.mysql.jdbc.SQLError.createSQLException(SQLError.java:963)\r\n	at com.mysql.jdbc.MysqlIO.checkErrorPacket(MysqlIO.java:3966)\r\n	at com.mysql.jdbc.MysqlIO.checkErrorPacket(MysqlIO.java:3902)\r\n	at com.mysql.jdbc.MysqlIO.checkErrorPacket(MysqlIO.java:875)\r\n	at com.mysql.jdbc.MysqlIO.proceedHandshakeWithPluggableAuthentication(MysqlIO.java:1712)\r\n	at com.mysql.jdbc.MysqlIO.doHandshake(MysqlIO.java:1228)\r\n	at com.mysql.jdbc.ConnectionImpl.coreConnect(ConnectionImpl.java:2253)\r\n	at com.mysql.jdbc.ConnectionImpl.connectOneTryOnly(ConnectionImpl.java:2284)\r\n	at com.mysql.jdbc.ConnectionImpl.createNewIO(ConnectionImpl.java:2083)\r\n	at com.mysql.jdbc.ConnectionImpl.<init>(ConnectionImpl.java:806)\r\n	at com.mysql.jdbc.JDBC4Connection.<init>(JDBC4Connection.java:47)\r\n	at sun.reflect.NativeConstructorAccessorImpl.newInstance0(Native Method)\r\n	at sun.reflect.NativeConstructorAccessorImpl.newInstance(NativeConstructorAccessorImpl.java:57)\r\n	at sun.reflect.DelegatingConstructorAccessorImpl.newInstance(DelegatingConstructorAccessorImpl.java:45)\r\n	at java.lang.reflect.Constructor.newInstance(Constructor.java:526)\r\n	at com.mysql.jdbc.Util.handleNewInstance(Util.java:404)\r\n	at com.mysql.jdbc.ConnectionImpl.getInstance(ConnectionImpl.java:410)\r\n	at com.mysql.jdbc.NonRegisteringDriver.connect(NonRegisteringDriver.java:328)\r\n	at java.sql.DriverManager.getConnection(DriverManager.java:571)\r\n	at java.sql.DriverManager.getConnection(DriverManager.java:215)\r\n	at com.johnny.monitor.business.service.MonitorMysql.getConnection(MonitorMysql.java:121)\r\n	at com.johnny.monitor.business.service.MonitorMysql.testResultSet(MonitorMysql.java:70)\r\n	at com.johnny.monitor.business.service.MonitorMysql.execute(MonitorMysql.java:37)\r\n	at com.johnny.monitor.common.run.SystemMonitorThread$1.call(SystemMonitorThread.java:92)\r\n	at com.johnny.monitor.common.run.SystemMonitorThread$1.call(SystemMonitorThread.java:1)\r\n	at java.util.concurrent.FutureTask.run(FutureTask.java:262)\r\n	at java.util.concurrent.ThreadPoolExecutor.runWorker(ThreadPoolExecutor.java:1145)\r\n	at java.util.concurrent.ThreadPoolExecutor$Worker.run(ThreadPoolExecutor.java:615)\r\n	at java.lang.Thread.run(Thread.java:745)\r\n\n','2016-10-20 20:09:48',NULL,'20161020200941.894'),(356,'7','40','错误','错误错误:用户名密码错误！java.sql.SQLException: ORA-01017: invalid username/password; logon denied\n\r\n	at oracle.jdbc.driver.DatabaseError.throwSqlException(DatabaseError.java:112)\r\n	at oracle.jdbc.driver.T4CTTIoer.processError(T4CTTIoer.java:331)\r\n	at oracle.jdbc.driver.T4CTTIoer.processError(T4CTTIoer.java:283)\r\n	at oracle.jdbc.driver.T4CTTIoer.processError(T4CTTIoer.java:278)\r\n	at oracle.jdbc.driver.T4CTTIoauthenticate.receiveOauth(T4CTTIoauthenticate.java:791)\r\n	at oracle.jdbc.driver.T4CConnection.logon(T4CConnection.java:362)\r\n	at oracle.jdbc.driver.PhysicalConnection.<init>(PhysicalConnection.java:439)\r\n	at oracle.jdbc.driver.T4CConnection.<init>(T4CConnection.java:165)\r\n	at oracle.jdbc.driver.T4CDriverExtension.getConnection(T4CDriverExtension.java:35)\r\n	at oracle.jdbc.driver.OracleDriver.connect(OracleDriver.java:801)\r\n	at java.sql.DriverManager.getConnection(DriverManager.java:571)\r\n	at java.sql.DriverManager.getConnection(DriverManager.java:215)\r\n	at com.johnny.monitor.business.service.MonitorOracle.getConnection(MonitorOracle.java:117)\r\n	at com.johnny.monitor.business.service.MonitorOracle.testResultSet(MonitorOracle.java:67)\r\n	at com.johnny.monitor.business.service.MonitorOracle.execute(MonitorOracle.java:36)\r\n	at com.johnny.monitor.common.run.SystemMonitorThread$1.call(SystemMonitorThread.java:92)\r\n	at com.johnny.monitor.common.run.SystemMonitorThread$1.call(SystemMonitorThread.java:1)\r\n	at java.util.concurrent.FutureTask.run(FutureTask.java:262)\r\n	at java.util.concurrent.ThreadPoolExecutor.runWorker(ThreadPoolExecutor.java:1145)\r\n	at java.util.concurrent.ThreadPoolExecutor$Worker.run(ThreadPoolExecutor.java:615)\r\n	at java.lang.Thread.run(Thread.java:745)\r\n\n','2016-10-20 20:09:48',NULL,'20161020200941.894'),(357,'7','41','错误','错误错误:用户名密码错误！java.sql.SQLException: ORA-01017: invalid username/password; logon denied\n\r\n	at oracle.jdbc.driver.DatabaseError.throwSqlException(DatabaseError.java:112)\r\n	at oracle.jdbc.driver.T4CTTIoer.processError(T4CTTIoer.java:331)\r\n	at oracle.jdbc.driver.T4CTTIoer.processError(T4CTTIoer.java:283)\r\n	at oracle.jdbc.driver.T4CTTIoer.processError(T4CTTIoer.java:278)\r\n	at oracle.jdbc.driver.T4CTTIoauthenticate.receiveOauth(T4CTTIoauthenticate.java:791)\r\n	at oracle.jdbc.driver.T4CConnection.logon(T4CConnection.java:362)\r\n	at oracle.jdbc.driver.PhysicalConnection.<init>(PhysicalConnection.java:439)\r\n	at oracle.jdbc.driver.T4CConnection.<init>(T4CConnection.java:165)\r\n	at oracle.jdbc.driver.T4CDriverExtension.getConnection(T4CDriverExtension.java:35)\r\n	at oracle.jdbc.driver.OracleDriver.connect(OracleDriver.java:801)\r\n	at java.sql.DriverManager.getConnection(DriverManager.java:571)\r\n	at java.sql.DriverManager.getConnection(DriverManager.java:215)\r\n	at com.johnny.monitor.business.service.MonitorOracle.getConnection(MonitorOracle.java:117)\r\n	at com.johnny.monitor.business.service.MonitorOracle.testResultSet(MonitorOracle.java:67)\r\n	at com.johnny.monitor.business.service.MonitorOracle.execute(MonitorOracle.java:36)\r\n	at com.johnny.monitor.common.run.SystemMonitorThread$1.call(SystemMonitorThread.java:92)\r\n	at com.johnny.monitor.common.run.SystemMonitorThread$1.call(SystemMonitorThread.java:1)\r\n	at java.util.concurrent.FutureTask.run(FutureTask.java:262)\r\n	at java.util.concurrent.ThreadPoolExecutor.runWorker(ThreadPoolExecutor.java:1145)\r\n	at java.util.concurrent.ThreadPoolExecutor$Worker.run(ThreadPoolExecutor.java:615)\r\n	at java.lang.Thread.run(Thread.java:745)\r\n\n错误错误:用户名密码错误！java.sql.SQLException: ORA-01017: invalid username/password; logon denied\n\r\n	at oracle.jdbc.driver.DatabaseError.throwSqlException(DatabaseError.java:112)\r\n	at oracle.jdbc.driver.T4CTTIoer.processError(T4CTTIoer.java:331)\r\n	at oracle.jdbc.driver.T4CTTIoer.processError(T4CTTIoer.java:283)\r\n	at oracle.jdbc.driver.T4CTTIoer.processError(T4CTTIoer.java:278)\r\n	at oracle.jdbc.driver.T4CTTIoauthenticate.receiveOauth(T4CTTIoauthenticate.java:791)\r\n	at oracle.jdbc.driver.T4CConnection.logon(T4CConnection.java:362)\r\n	at oracle.jdbc.driver.PhysicalConnection.<init>(PhysicalConnection.java:439)\r\n	at oracle.jdbc.driver.T4CConnection.<init>(T4CConnection.java:165)\r\n	at oracle.jdbc.driver.T4CDriverExtension.getConnection(T4CDriverExtension.java:35)\r\n	at oracle.jdbc.driver.OracleDriver.connect(OracleDriver.java:801)\r\n	at java.sql.DriverManager.getConnection(DriverManager.java:571)\r\n	at java.sql.DriverManager.getConnection(DriverManager.java:215)\r\n	at com.johnny.monitor.business.service.MonitorOracle.getConnection(MonitorOracle.java:117)\r\n	at com.johnny.monitor.business.service.MonitorOracle.testResultSet(MonitorOracle.java:67)\r\n	at com.johnny.monitor.business.service.MonitorOracle.execute(MonitorOracle.java:36)\r\n	at com.johnny.monitor.common.run.SystemMonitorThread$1.call(SystemMonitorThread.java:92)\r\n	at com.johnny.monitor.common.run.SystemMonitorThread$1.call(SystemMonitorThread.java:1)\r\n	at java.util.concurrent.FutureTask.run(FutureTask.java:262)\r\n	at java.util.concurrent.ThreadPoolExecutor.runWorker(ThreadPoolExecutor.java:1145)\r\n	at java.util.concurrent.ThreadPoolExecutor$Worker.run(ThreadPoolExecutor.java:615)\r\n	at java.lang.Thread.run(Thread.java:745)\r\n\n','2016-10-20 20:09:48',NULL,'20161020200941.894'),(358,'7','42','错误','错误错误:用户名密码错误！java.sql.SQLException: ORA-01017: invalid username/password; logon denied\n\r\n	at oracle.jdbc.driver.DatabaseError.throwSqlException(DatabaseError.java:112)\r\n	at oracle.jdbc.driver.T4CTTIoer.processError(T4CTTIoer.java:331)\r\n	at oracle.jdbc.driver.T4CTTIoer.processError(T4CTTIoer.java:283)\r\n	at oracle.jdbc.driver.T4CTTIoer.processError(T4CTTIoer.java:278)\r\n	at oracle.jdbc.driver.T4CTTIoauthenticate.receiveOauth(T4CTTIoauthenticate.java:791)\r\n	at oracle.jdbc.driver.T4CConnection.logon(T4CConnection.java:362)\r\n	at oracle.jdbc.driver.PhysicalConnection.<init>(PhysicalConnection.java:439)\r\n	at oracle.jdbc.driver.T4CConnection.<init>(T4CConnection.java:165)\r\n	at oracle.jdbc.driver.T4CDriverExtension.getConnection(T4CDriverExtension.java:35)\r\n	at oracle.jdbc.driver.OracleDriver.connect(OracleDriver.java:801)\r\n	at java.sql.DriverManager.getConnection(DriverManager.java:571)\r\n	at java.sql.DriverManager.getConnection(DriverManager.java:215)\r\n	at com.johnny.monitor.business.service.MonitorOracle.getConnection(MonitorOracle.java:117)\r\n	at com.johnny.monitor.business.service.MonitorOracle.testResultSet(MonitorOracle.java:67)\r\n	at com.johnny.monitor.business.service.MonitorOracle.execute(MonitorOracle.java:36)\r\n	at com.johnny.monitor.common.run.SystemMonitorThread$1.call(SystemMonitorThread.java:92)\r\n	at com.johnny.monitor.common.run.SystemMonitorThread$1.call(SystemMonitorThread.java:1)\r\n	at java.util.concurrent.FutureTask.run(FutureTask.java:262)\r\n	at java.util.concurrent.ThreadPoolExecutor.runWorker(ThreadPoolExecutor.java:1145)\r\n	at java.util.concurrent.ThreadPoolExecutor$Worker.run(ThreadPoolExecutor.java:615)\r\n	at java.lang.Thread.run(Thread.java:745)\r\n\n错误错误:用户名密码错误！java.sql.SQLException: ORA-01017: invalid username/password; logon denied\n\r\n	at oracle.jdbc.driver.DatabaseError.throwSqlException(DatabaseError.java:112)\r\n	at oracle.jdbc.driver.T4CTTIoer.processError(T4CTTIoer.java:331)\r\n	at oracle.jdbc.driver.T4CTTIoer.processError(T4CTTIoer.java:283)\r\n	at oracle.jdbc.driver.T4CTTIoer.processError(T4CTTIoer.java:278)\r\n	at oracle.jdbc.driver.T4CTTIoauthenticate.receiveOauth(T4CTTIoauthenticate.java:791)\r\n	at oracle.jdbc.driver.T4CConnection.logon(T4CConnection.java:362)\r\n	at oracle.jdbc.driver.PhysicalConnection.<init>(PhysicalConnection.java:439)\r\n	at oracle.jdbc.driver.T4CConnection.<init>(T4CConnection.java:165)\r\n	at oracle.jdbc.driver.T4CDriverExtension.getConnection(T4CDriverExtension.java:35)\r\n	at oracle.jdbc.driver.OracleDriver.connect(OracleDriver.java:801)\r\n	at java.sql.DriverManager.getConnection(DriverManager.java:571)\r\n	at java.sql.DriverManager.getConnection(DriverManager.java:215)\r\n	at com.johnny.monitor.business.service.MonitorOracle.getConnection(MonitorOracle.java:117)\r\n	at com.johnny.monitor.business.service.MonitorOracle.testResultSet(MonitorOracle.java:67)\r\n	at com.johnny.monitor.business.service.MonitorOracle.execute(MonitorOracle.java:36)\r\n	at com.johnny.monitor.common.run.SystemMonitorThread$1.call(SystemMonitorThread.java:92)\r\n	at com.johnny.monitor.common.run.SystemMonitorThread$1.call(SystemMonitorThread.java:1)\r\n	at java.util.concurrent.FutureTask.run(FutureTask.java:262)\r\n	at java.util.concurrent.ThreadPoolExecutor.runWorker(ThreadPoolExecutor.java:1145)\r\n	at java.util.concurrent.ThreadPoolExecutor$Worker.run(ThreadPoolExecutor.java:615)\r\n	at java.lang.Thread.run(Thread.java:745)\r\n\n错误错误:用户名密码错误！java.sql.SQLException: ORA-01017: invalid username/password; logon denied\n\r\n	at oracle.jdbc.driver.DatabaseError.throwSqlException(DatabaseError.java:112)\r\n	at oracle.jdbc.driver.T4CTTIoer.processError(T4CTTIoer.java:331)\r\n	at oracle.jdbc.driver.T4CTTIoer.processError(T4CTTIoer.java:283)\r\n	at oracle.jdbc.driver.T4CTTIoer.processError(T4CTTIoer.java:278)\r\n	at oracle.jdbc.driver.T4CTTIoauthenticate.receiveOauth(T4CTTIoauthenticate.java:791)\r\n	at oracle.jdbc.driver.T4CConnection.logon(T4CConnection.java:362)\r\n	at oracle.jdbc.driver.PhysicalConnection.<init>(PhysicalConnection.java:439)\r\n	at oracle.jdbc.driver.T4CConnection.<init>(T4CConnection.java:165)\r\n	at oracle.jdbc.driver.T4CDriverExtension.getConnection(T4CDriverExtension.java:35)\r\n	at oracle.jdbc.driver.OracleDriver.connect(OracleDriver.java:801)\r\n	at java.sql.DriverManager.getConnection(DriverManager.java:571)\r\n	at java.sql.DriverManager.getConnection(DriverManager.java:215)\r\n	at com.johnny.monitor.business.service.MonitorOracle.getConnection(MonitorOracle.java:117)\r\n	at com.johnny.monitor.business.service.MonitorOracle.testResultSet(MonitorOracle.java:67)\r\n	at com.johnny.monitor.business.service.MonitorOracle.execute(MonitorOracle.java:36)\r\n	at com.johnny.monitor.common.run.SystemMonitorThread$1.call(SystemMonitorThread.java:92)\r\n	at com.johnny.monitor.common.run.SystemMonitorThread$1.call(SystemMonitorThread.java:1)\r\n	at java.util.concurrent.FutureTask.run(FutureTask.java:262)\r\n	at java.util.concurrent.ThreadPoolExecutor.runWorker(ThreadPoolExecutor.java:1145)\r\n	at java.util.concurrent.ThreadPoolExecutor$Worker.run(ThreadPoolExecutor.java:615)\r\n	at java.lang.Thread.run(Thread.java:745)\r\n\n','2016-10-20 20:09:48',NULL,'20161020200941.894'),(359,'7','43','暂不监控','错误错误:用户名密码错误！java.sql.SQLException: ORA-01017: invalid username/password; logon denied\n\r\n	at oracle.jdbc.driver.DatabaseError.throwSqlException(DatabaseError.java:112)\r\n	at oracle.jdbc.driver.T4CTTIoer.processError(T4CTTIoer.java:331)\r\n	at oracle.jdbc.driver.T4CTTIoer.processError(T4CTTIoer.java:283)\r\n	at oracle.jdbc.driver.T4CTTIoer.processError(T4CTTIoer.java:278)\r\n	at oracle.jdbc.driver.T4CTTIoauthenticate.receiveOauth(T4CTTIoauthenticate.java:791)\r\n	at oracle.jdbc.driver.T4CConnection.logon(T4CConnection.java:362)\r\n	at oracle.jdbc.driver.PhysicalConnection.<init>(PhysicalConnection.java:439)\r\n	at oracle.jdbc.driver.T4CConnection.<init>(T4CConnection.java:165)\r\n	at oracle.jdbc.driver.T4CDriverExtension.getConnection(T4CDriverExtension.java:35)\r\n	at oracle.jdbc.driver.OracleDriver.connect(OracleDriver.java:801)\r\n	at java.sql.DriverManager.getConnection(DriverManager.java:571)\r\n	at java.sql.DriverManager.getConnection(DriverManager.java:215)\r\n	at com.johnny.monitor.business.service.MonitorOracle.getConnection(MonitorOracle.java:117)\r\n	at com.johnny.monitor.business.service.MonitorOracle.testResultSet(MonitorOracle.java:67)\r\n	at com.johnny.monitor.business.service.MonitorOracle.execute(MonitorOracle.java:36)\r\n	at com.johnny.monitor.common.run.SystemMonitorThread$1.call(SystemMonitorThread.java:92)\r\n	at com.johnny.monitor.common.run.SystemMonitorThread$1.call(SystemMonitorThread.java:1)\r\n	at java.util.concurrent.FutureTask.run(FutureTask.java:262)\r\n	at java.util.concurrent.ThreadPoolExecutor.runWorker(ThreadPoolExecutor.java:1145)\r\n	at java.util.concurrent.ThreadPoolExecutor$Worker.run(ThreadPoolExecutor.java:615)\r\n	at java.lang.Thread.run(Thread.java:745)\r\n\n错误错误:用户名密码错误！java.sql.SQLException: ORA-01017: invalid username/password; logon denied\n\r\n	at oracle.jdbc.driver.DatabaseError.throwSqlException(DatabaseError.java:112)\r\n	at oracle.jdbc.driver.T4CTTIoer.processError(T4CTTIoer.java:331)\r\n	at oracle.jdbc.driver.T4CTTIoer.processError(T4CTTIoer.java:283)\r\n	at oracle.jdbc.driver.T4CTTIoer.processError(T4CTTIoer.java:278)\r\n	at oracle.jdbc.driver.T4CTTIoauthenticate.receiveOauth(T4CTTIoauthenticate.java:791)\r\n	at oracle.jdbc.driver.T4CConnection.logon(T4CConnection.java:362)\r\n	at oracle.jdbc.driver.PhysicalConnection.<init>(PhysicalConnection.java:439)\r\n	at oracle.jdbc.driver.T4CConnection.<init>(T4CConnection.java:165)\r\n	at oracle.jdbc.driver.T4CDriverExtension.getConnection(T4CDriverExtension.java:35)\r\n	at oracle.jdbc.driver.OracleDriver.connect(OracleDriver.java:801)\r\n	at java.sql.DriverManager.getConnection(DriverManager.java:571)\r\n	at java.sql.DriverManager.getConnection(DriverManager.java:215)\r\n	at com.johnny.monitor.business.service.MonitorOracle.getConnection(MonitorOracle.java:117)\r\n	at com.johnny.monitor.business.service.MonitorOracle.testResultSet(MonitorOracle.java:67)\r\n	at com.johnny.monitor.business.service.MonitorOracle.execute(MonitorOracle.java:36)\r\n	at com.johnny.monitor.common.run.SystemMonitorThread$1.call(SystemMonitorThread.java:92)\r\n	at com.johnny.monitor.common.run.SystemMonitorThread$1.call(SystemMonitorThread.java:1)\r\n	at java.util.concurrent.FutureTask.run(FutureTask.java:262)\r\n	at java.util.concurrent.ThreadPoolExecutor.runWorker(ThreadPoolExecutor.java:1145)\r\n	at java.util.concurrent.ThreadPoolExecutor$Worker.run(ThreadPoolExecutor.java:615)\r\n	at java.lang.Thread.run(Thread.java:745)\r\n\n错误错误:用户名密码错误！java.sql.SQLException: ORA-01017: invalid username/password; logon denied\n\r\n	at oracle.jdbc.driver.DatabaseError.throwSqlException(DatabaseError.java:112)\r\n	at oracle.jdbc.driver.T4CTTIoer.processError(T4CTTIoer.java:331)\r\n	at oracle.jdbc.driver.T4CTTIoer.processError(T4CTTIoer.java:283)\r\n	at oracle.jdbc.driver.T4CTTIoer.processError(T4CTTIoer.java:278)\r\n	at oracle.jdbc.driver.T4CTTIoauthenticate.receiveOauth(T4CTTIoauthenticate.java:791)\r\n	at oracle.jdbc.driver.T4CConnection.logon(T4CConnection.java:362)\r\n	at oracle.jdbc.driver.PhysicalConnection.<init>(PhysicalConnection.java:439)\r\n	at oracle.jdbc.driver.T4CConnection.<init>(T4CConnection.java:165)\r\n	at oracle.jdbc.driver.T4CDriverExtension.getConnection(T4CDriverExtension.java:35)\r\n	at oracle.jdbc.driver.OracleDriver.connect(OracleDriver.java:801)\r\n	at java.sql.DriverManager.getConnection(DriverManager.java:571)\r\n	at java.sql.DriverManager.getConnection(DriverManager.java:215)\r\n	at com.johnny.monitor.business.service.MonitorOracle.getConnection(MonitorOracle.java:117)\r\n	at com.johnny.monitor.business.service.MonitorOracle.testResultSet(MonitorOracle.java:67)\r\n	at com.johnny.monitor.business.service.MonitorOracle.execute(MonitorOracle.java:36)\r\n	at com.johnny.monitor.common.run.SystemMonitorThread$1.call(SystemMonitorThread.java:92)\r\n	at com.johnny.monitor.common.run.SystemMonitorThread$1.call(SystemMonitorThread.java:1)\r\n	at java.util.concurrent.FutureTask.run(FutureTask.java:262)\r\n	at java.util.concurrent.ThreadPoolExecutor.runWorker(ThreadPoolExecutor.java:1145)\r\n	at java.util.concurrent.ThreadPoolExecutor$Worker.run(ThreadPoolExecutor.java:615)\r\n	at java.lang.Thread.run(Thread.java:745)\r\n\n','2016-10-20 20:09:48',NULL,'20161020200941.894'),(360,'7','44','暂不监控','错误错误:用户名密码错误！java.sql.SQLException: ORA-01017: invalid username/password; logon denied\n\r\n	at oracle.jdbc.driver.DatabaseError.throwSqlException(DatabaseError.java:112)\r\n	at oracle.jdbc.driver.T4CTTIoer.processError(T4CTTIoer.java:331)\r\n	at oracle.jdbc.driver.T4CTTIoer.processError(T4CTTIoer.java:283)\r\n	at oracle.jdbc.driver.T4CTTIoer.processError(T4CTTIoer.java:278)\r\n	at oracle.jdbc.driver.T4CTTIoauthenticate.receiveOauth(T4CTTIoauthenticate.java:791)\r\n	at oracle.jdbc.driver.T4CConnection.logon(T4CConnection.java:362)\r\n	at oracle.jdbc.driver.PhysicalConnection.<init>(PhysicalConnection.java:439)\r\n	at oracle.jdbc.driver.T4CConnection.<init>(T4CConnection.java:165)\r\n	at oracle.jdbc.driver.T4CDriverExtension.getConnection(T4CDriverExtension.java:35)\r\n	at oracle.jdbc.driver.OracleDriver.connect(OracleDriver.java:801)\r\n	at java.sql.DriverManager.getConnection(DriverManager.java:571)\r\n	at java.sql.DriverManager.getConnection(DriverManager.java:215)\r\n	at com.johnny.monitor.business.service.MonitorOracle.getConnection(MonitorOracle.java:117)\r\n	at com.johnny.monitor.business.service.MonitorOracle.testResultSet(MonitorOracle.java:67)\r\n	at com.johnny.monitor.business.service.MonitorOracle.execute(MonitorOracle.java:36)\r\n	at com.johnny.monitor.common.run.SystemMonitorThread$1.call(SystemMonitorThread.java:92)\r\n	at com.johnny.monitor.common.run.SystemMonitorThread$1.call(SystemMonitorThread.java:1)\r\n	at java.util.concurrent.FutureTask.run(FutureTask.java:262)\r\n	at java.util.concurrent.ThreadPoolExecutor.runWorker(ThreadPoolExecutor.java:1145)\r\n	at java.util.concurrent.ThreadPoolExecutor$Worker.run(ThreadPoolExecutor.java:615)\r\n	at java.lang.Thread.run(Thread.java:745)\r\n\n错误错误:用户名密码错误！java.sql.SQLException: ORA-01017: invalid username/password; logon denied\n\r\n	at oracle.jdbc.driver.DatabaseError.throwSqlException(DatabaseError.java:112)\r\n	at oracle.jdbc.driver.T4CTTIoer.processError(T4CTTIoer.java:331)\r\n	at oracle.jdbc.driver.T4CTTIoer.processError(T4CTTIoer.java:283)\r\n	at oracle.jdbc.driver.T4CTTIoer.processError(T4CTTIoer.java:278)\r\n	at oracle.jdbc.driver.T4CTTIoauthenticate.receiveOauth(T4CTTIoauthenticate.java:791)\r\n	at oracle.jdbc.driver.T4CConnection.logon(T4CConnection.java:362)\r\n	at oracle.jdbc.driver.PhysicalConnection.<init>(PhysicalConnection.java:439)\r\n	at oracle.jdbc.driver.T4CConnection.<init>(T4CConnection.java:165)\r\n	at oracle.jdbc.driver.T4CDriverExtension.getConnection(T4CDriverExtension.java:35)\r\n	at oracle.jdbc.driver.OracleDriver.connect(OracleDriver.java:801)\r\n	at java.sql.DriverManager.getConnection(DriverManager.java:571)\r\n	at java.sql.DriverManager.getConnection(DriverManager.java:215)\r\n	at com.johnny.monitor.business.service.MonitorOracle.getConnection(MonitorOracle.java:117)\r\n	at com.johnny.monitor.business.service.MonitorOracle.testResultSet(MonitorOracle.java:67)\r\n	at com.johnny.monitor.business.service.MonitorOracle.execute(MonitorOracle.java:36)\r\n	at com.johnny.monitor.common.run.SystemMonitorThread$1.call(SystemMonitorThread.java:92)\r\n	at com.johnny.monitor.common.run.SystemMonitorThread$1.call(SystemMonitorThread.java:1)\r\n	at java.util.concurrent.FutureTask.run(FutureTask.java:262)\r\n	at java.util.concurrent.ThreadPoolExecutor.runWorker(ThreadPoolExecutor.java:1145)\r\n	at java.util.concurrent.ThreadPoolExecutor$Worker.run(ThreadPoolExecutor.java:615)\r\n	at java.lang.Thread.run(Thread.java:745)\r\n\n错误错误:用户名密码错误！java.sql.SQLException: ORA-01017: invalid username/password; logon denied\n\r\n	at oracle.jdbc.driver.DatabaseError.throwSqlException(DatabaseError.java:112)\r\n	at oracle.jdbc.driver.T4CTTIoer.processError(T4CTTIoer.java:331)\r\n	at oracle.jdbc.driver.T4CTTIoer.processError(T4CTTIoer.java:283)\r\n	at oracle.jdbc.driver.T4CTTIoer.processError(T4CTTIoer.java:278)\r\n	at oracle.jdbc.driver.T4CTTIoauthenticate.receiveOauth(T4CTTIoauthenticate.java:791)\r\n	at oracle.jdbc.driver.T4CConnection.logon(T4CConnection.java:362)\r\n	at oracle.jdbc.driver.PhysicalConnection.<init>(PhysicalConnection.java:439)\r\n	at oracle.jdbc.driver.T4CConnection.<init>(T4CConnection.java:165)\r\n	at oracle.jdbc.driver.T4CDriverExtension.getConnection(T4CDriverExtension.java:35)\r\n	at oracle.jdbc.driver.OracleDriver.connect(OracleDriver.java:801)\r\n	at java.sql.DriverManager.getConnection(DriverManager.java:571)\r\n	at java.sql.DriverManager.getConnection(DriverManager.java:215)\r\n	at com.johnny.monitor.business.service.MonitorOracle.getConnection(MonitorOracle.java:117)\r\n	at com.johnny.monitor.business.service.MonitorOracle.testResultSet(MonitorOracle.java:67)\r\n	at com.johnny.monitor.business.service.MonitorOracle.execute(MonitorOracle.java:36)\r\n	at com.johnny.monitor.common.run.SystemMonitorThread$1.call(SystemMonitorThread.java:92)\r\n	at com.johnny.monitor.common.run.SystemMonitorThread$1.call(SystemMonitorThread.java:1)\r\n	at java.util.concurrent.FutureTask.run(FutureTask.java:262)\r\n	at java.util.concurrent.ThreadPoolExecutor.runWorker(ThreadPoolExecutor.java:1145)\r\n	at java.util.concurrent.ThreadPoolExecutor$Worker.run(ThreadPoolExecutor.java:615)\r\n	at java.lang.Thread.run(Thread.java:745)\r\n\n','2016-10-20 20:09:48',NULL,'20161020200941.894'),(361,'8','48','错误','错误错误:用户名密码错误！java.sql.SQLException: ORA-01017: invalid username/password; logon denied\n\r\n	at oracle.jdbc.driver.DatabaseError.throwSqlException(DatabaseError.java:112)\r\n	at oracle.jdbc.driver.T4CTTIoer.processError(T4CTTIoer.java:331)\r\n	at oracle.jdbc.driver.T4CTTIoer.processError(T4CTTIoer.java:283)\r\n	at oracle.jdbc.driver.T4CTTIoer.processError(T4CTTIoer.java:278)\r\n	at oracle.jdbc.driver.T4CTTIoauthenticate.receiveOauth(T4CTTIoauthenticate.java:791)\r\n	at oracle.jdbc.driver.T4CConnection.logon(T4CConnection.java:362)\r\n	at oracle.jdbc.driver.PhysicalConnection.<init>(PhysicalConnection.java:439)\r\n	at oracle.jdbc.driver.T4CConnection.<init>(T4CConnection.java:165)\r\n	at oracle.jdbc.driver.T4CDriverExtension.getConnection(T4CDriverExtension.java:35)\r\n	at oracle.jdbc.driver.OracleDriver.connect(OracleDriver.java:801)\r\n	at java.sql.DriverManager.getConnection(DriverManager.java:571)\r\n	at java.sql.DriverManager.getConnection(DriverManager.java:215)\r\n	at com.johnny.monitor.business.service.MonitorOracle.getConnection(MonitorOracle.java:117)\r\n	at com.johnny.monitor.business.service.MonitorOracle.testResultSet(MonitorOracle.java:67)\r\n	at com.johnny.monitor.business.service.MonitorOracle.execute(MonitorOracle.java:36)\r\n	at com.johnny.monitor.common.run.SystemMonitorThread$1.call(SystemMonitorThread.java:92)\r\n	at com.johnny.monitor.common.run.SystemMonitorThread$1.call(SystemMonitorThread.java:1)\r\n	at java.util.concurrent.FutureTask.run(FutureTask.java:262)\r\n	at java.util.concurrent.ThreadPoolExecutor.runWorker(ThreadPoolExecutor.java:1145)\r\n	at java.util.concurrent.ThreadPoolExecutor$Worker.run(ThreadPoolExecutor.java:615)\r\n	at java.lang.Thread.run(Thread.java:745)\r\n\n','2016-10-20 20:09:50',NULL,'20161020200941.894'),(362,'8','49','错误','错误错误:用户名密码错误！java.sql.SQLException: ORA-01017: invalid username/password; logon denied\n\r\n	at oracle.jdbc.driver.DatabaseError.throwSqlException(DatabaseError.java:112)\r\n	at oracle.jdbc.driver.T4CTTIoer.processError(T4CTTIoer.java:331)\r\n	at oracle.jdbc.driver.T4CTTIoer.processError(T4CTTIoer.java:283)\r\n	at oracle.jdbc.driver.T4CTTIoer.processError(T4CTTIoer.java:278)\r\n	at oracle.jdbc.driver.T4CTTIoauthenticate.receiveOauth(T4CTTIoauthenticate.java:791)\r\n	at oracle.jdbc.driver.T4CConnection.logon(T4CConnection.java:362)\r\n	at oracle.jdbc.driver.PhysicalConnection.<init>(PhysicalConnection.java:439)\r\n	at oracle.jdbc.driver.T4CConnection.<init>(T4CConnection.java:165)\r\n	at oracle.jdbc.driver.T4CDriverExtension.getConnection(T4CDriverExtension.java:35)\r\n	at oracle.jdbc.driver.OracleDriver.connect(OracleDriver.java:801)\r\n	at java.sql.DriverManager.getConnection(DriverManager.java:571)\r\n	at java.sql.DriverManager.getConnection(DriverManager.java:215)\r\n	at com.johnny.monitor.business.service.MonitorOracle.getConnection(MonitorOracle.java:117)\r\n	at com.johnny.monitor.business.service.MonitorOracle.testResultSet(MonitorOracle.java:67)\r\n	at com.johnny.monitor.business.service.MonitorOracle.execute(MonitorOracle.java:36)\r\n	at com.johnny.monitor.common.run.SystemMonitorThread$1.call(SystemMonitorThread.java:92)\r\n	at com.johnny.monitor.common.run.SystemMonitorThread$1.call(SystemMonitorThread.java:1)\r\n	at java.util.concurrent.FutureTask.run(FutureTask.java:262)\r\n	at java.util.concurrent.ThreadPoolExecutor.runWorker(ThreadPoolExecutor.java:1145)\r\n	at java.util.concurrent.ThreadPoolExecutor$Worker.run(ThreadPoolExecutor.java:615)\r\n	at java.lang.Thread.run(Thread.java:745)\r\n\n错误错误:用户名密码错误！java.sql.SQLException: ORA-01017: invalid username/password; logon denied\n\r\n	at oracle.jdbc.driver.DatabaseError.throwSqlException(DatabaseError.java:112)\r\n	at oracle.jdbc.driver.T4CTTIoer.processError(T4CTTIoer.java:331)\r\n	at oracle.jdbc.driver.T4CTTIoer.processError(T4CTTIoer.java:283)\r\n	at oracle.jdbc.driver.T4CTTIoer.processError(T4CTTIoer.java:278)\r\n	at oracle.jdbc.driver.T4CTTIoauthenticate.receiveOauth(T4CTTIoauthenticate.java:791)\r\n	at oracle.jdbc.driver.T4CConnection.logon(T4CConnection.java:362)\r\n	at oracle.jdbc.driver.PhysicalConnection.<init>(PhysicalConnection.java:439)\r\n	at oracle.jdbc.driver.T4CConnection.<init>(T4CConnection.java:165)\r\n	at oracle.jdbc.driver.T4CDriverExtension.getConnection(T4CDriverExtension.java:35)\r\n	at oracle.jdbc.driver.OracleDriver.connect(OracleDriver.java:801)\r\n	at java.sql.DriverManager.getConnection(DriverManager.java:571)\r\n	at java.sql.DriverManager.getConnection(DriverManager.java:215)\r\n	at com.johnny.monitor.business.service.MonitorOracle.getConnection(MonitorOracle.java:117)\r\n	at com.johnny.monitor.business.service.MonitorOracle.testResultSet(MonitorOracle.java:67)\r\n	at com.johnny.monitor.business.service.MonitorOracle.execute(MonitorOracle.java:36)\r\n	at com.johnny.monitor.common.run.SystemMonitorThread$1.call(SystemMonitorThread.java:92)\r\n	at com.johnny.monitor.common.run.SystemMonitorThread$1.call(SystemMonitorThread.java:1)\r\n	at java.util.concurrent.FutureTask.run(FutureTask.java:262)\r\n	at java.util.concurrent.ThreadPoolExecutor.runWorker(ThreadPoolExecutor.java:1145)\r\n	at java.util.concurrent.ThreadPoolExecutor$Worker.run(ThreadPoolExecutor.java:615)\r\n	at java.lang.Thread.run(Thread.java:745)\r\n\n','2016-10-20 20:09:50',NULL,'20161020200941.894'),(363,'8','50','暂不监控','错误错误:用户名密码错误！java.sql.SQLException: ORA-01017: invalid username/password; logon denied\n\r\n	at oracle.jdbc.driver.DatabaseError.throwSqlException(DatabaseError.java:112)\r\n	at oracle.jdbc.driver.T4CTTIoer.processError(T4CTTIoer.java:331)\r\n	at oracle.jdbc.driver.T4CTTIoer.processError(T4CTTIoer.java:283)\r\n	at oracle.jdbc.driver.T4CTTIoer.processError(T4CTTIoer.java:278)\r\n	at oracle.jdbc.driver.T4CTTIoauthenticate.receiveOauth(T4CTTIoauthenticate.java:791)\r\n	at oracle.jdbc.driver.T4CConnection.logon(T4CConnection.java:362)\r\n	at oracle.jdbc.driver.PhysicalConnection.<init>(PhysicalConnection.java:439)\r\n	at oracle.jdbc.driver.T4CConnection.<init>(T4CConnection.java:165)\r\n	at oracle.jdbc.driver.T4CDriverExtension.getConnection(T4CDriverExtension.java:35)\r\n	at oracle.jdbc.driver.OracleDriver.connect(OracleDriver.java:801)\r\n	at java.sql.DriverManager.getConnection(DriverManager.java:571)\r\n	at java.sql.DriverManager.getConnection(DriverManager.java:215)\r\n	at com.johnny.monitor.business.service.MonitorOracle.getConnection(MonitorOracle.java:117)\r\n	at com.johnny.monitor.business.service.MonitorOracle.testResultSet(MonitorOracle.java:67)\r\n	at com.johnny.monitor.business.service.MonitorOracle.execute(MonitorOracle.java:36)\r\n	at com.johnny.monitor.common.run.SystemMonitorThread$1.call(SystemMonitorThread.java:92)\r\n	at com.johnny.monitor.common.run.SystemMonitorThread$1.call(SystemMonitorThread.java:1)\r\n	at java.util.concurrent.FutureTask.run(FutureTask.java:262)\r\n	at java.util.concurrent.ThreadPoolExecutor.runWorker(ThreadPoolExecutor.java:1145)\r\n	at java.util.concurrent.ThreadPoolExecutor$Worker.run(ThreadPoolExecutor.java:615)\r\n	at java.lang.Thread.run(Thread.java:745)\r\n\n错误错误:用户名密码错误！java.sql.SQLException: ORA-01017: invalid username/password; logon denied\n\r\n	at oracle.jdbc.driver.DatabaseError.throwSqlException(DatabaseError.java:112)\r\n	at oracle.jdbc.driver.T4CTTIoer.processError(T4CTTIoer.java:331)\r\n	at oracle.jdbc.driver.T4CTTIoer.processError(T4CTTIoer.java:283)\r\n	at oracle.jdbc.driver.T4CTTIoer.processError(T4CTTIoer.java:278)\r\n	at oracle.jdbc.driver.T4CTTIoauthenticate.receiveOauth(T4CTTIoauthenticate.java:791)\r\n	at oracle.jdbc.driver.T4CConnection.logon(T4CConnection.java:362)\r\n	at oracle.jdbc.driver.PhysicalConnection.<init>(PhysicalConnection.java:439)\r\n	at oracle.jdbc.driver.T4CConnection.<init>(T4CConnection.java:165)\r\n	at oracle.jdbc.driver.T4CDriverExtension.getConnection(T4CDriverExtension.java:35)\r\n	at oracle.jdbc.driver.OracleDriver.connect(OracleDriver.java:801)\r\n	at java.sql.DriverManager.getConnection(DriverManager.java:571)\r\n	at java.sql.DriverManager.getConnection(DriverManager.java:215)\r\n	at com.johnny.monitor.business.service.MonitorOracle.getConnection(MonitorOracle.java:117)\r\n	at com.johnny.monitor.business.service.MonitorOracle.testResultSet(MonitorOracle.java:67)\r\n	at com.johnny.monitor.business.service.MonitorOracle.execute(MonitorOracle.java:36)\r\n	at com.johnny.monitor.common.run.SystemMonitorThread$1.call(SystemMonitorThread.java:92)\r\n	at com.johnny.monitor.common.run.SystemMonitorThread$1.call(SystemMonitorThread.java:1)\r\n	at java.util.concurrent.FutureTask.run(FutureTask.java:262)\r\n	at java.util.concurrent.ThreadPoolExecutor.runWorker(ThreadPoolExecutor.java:1145)\r\n	at java.util.concurrent.ThreadPoolExecutor$Worker.run(ThreadPoolExecutor.java:615)\r\n	at java.lang.Thread.run(Thread.java:745)\r\n\n','2016-10-20 20:09:50',NULL,'20161020200941.894'),(364,'1','1','正常','','2016-10-20 20:14:36',NULL,'20161020201436.050'),(365,'1','2','正常','','2016-10-20 20:14:37',NULL,'20161020201436.050'),(366,'1','3','正常','','2016-10-20 20:14:37',NULL,'20161020201436.050'),(367,'1','4','正常','','2016-10-20 20:14:37',NULL,'20161020201436.050'),(368,'1','5','正常','','2016-10-20 20:14:37',NULL,'20161020201436.050'),(369,'1','6','正常','','2016-10-20 20:14:37',NULL,'20161020201436.050'),(370,'1','7','正常','','2016-10-20 20:14:37',NULL,'20161020201436.050'),(371,'1','8','正常','','2016-10-20 20:14:37',NULL,'20161020201436.050'),(372,'1','9','正常','','2016-10-20 20:14:37',NULL,'20161020201436.050'),(373,'1','10','正常','','2016-10-20 20:14:37',NULL,'20161020201436.050'),(374,'2','11','正常','','2016-10-20 20:14:37',NULL,'20161020201436.050'),(375,'2','12','正常','','2016-10-20 20:14:37',NULL,'20161020201436.050'),(376,'2','13','正常','','2016-10-20 20:14:37',NULL,'20161020201436.050'),(377,'2','14','正常','','2016-10-20 20:14:37',NULL,'20161020201436.050'),(378,'2','15','正常','','2016-10-20 20:14:37',NULL,'20161020201436.050'),(379,'2','16','正常','','2016-10-20 20:14:37',NULL,'20161020201436.050'),(380,'2','17','正常','','2016-10-20 20:14:37',NULL,'20161020201436.050'),(381,'2','18','正常','','2016-10-20 20:14:37',NULL,'20161020201436.050'),(382,'3','20','正常','','2016-10-20 20:14:38',NULL,'20161020201436.050'),(383,'3','21','正常','','2016-10-20 20:14:38',NULL,'20161020201436.050'),(384,'3','22','正常','','2016-10-20 20:14:38',NULL,'20161020201436.050'),(385,'3','23','正常','','2016-10-20 20:14:38',NULL,'20161020201436.050'),(386,'3','24','正常','','2016-10-20 20:14:38',NULL,'20161020201436.050'),(387,'3','25','正常','','2016-10-20 20:14:39',NULL,'20161020201436.050'),(388,'3','26','正常','','2016-10-20 20:14:39',NULL,'20161020201436.050'),(389,'3','27','正常','','2016-10-20 20:14:39',NULL,'20161020201436.050'),(390,'4','28','正常','','2016-10-20 20:14:39',NULL,'20161020201436.050'),(391,'4','29','正常','','2016-10-20 20:14:39',NULL,'20161020201436.050'),(392,'4','30','正常','','2016-10-20 20:14:39',NULL,'20161020201436.050'),(393,'4','31','暂不监控','','2016-10-20 20:14:39',NULL,'20161020201436.050'),(394,'4','32','正常','','2016-10-20 20:14:39',NULL,'20161020201436.050'),(395,'4','33','正常','','2016-10-20 20:14:39',NULL,'20161020201436.050'),(396,'4','34','正常','','2016-10-20 20:14:39',NULL,'20161020201436.050'),(397,'4','35','正常','','2016-10-20 20:14:39',NULL,'20161020201436.050'),(398,'4','36','正常','','2016-10-20 20:14:39',NULL,'20161020201436.050'),(399,'4','37','正常','','2016-10-20 20:14:40',NULL,'20161020201436.050'),(400,'4','38','正常','','2016-10-20 20:14:40',NULL,'20161020201436.050'),(401,'5','39','正常','','2016-10-20 20:14:40',NULL,'20161020201436.050'),(402,'6','45','正常','','2016-10-20 20:14:40',NULL,'20161020201436.050'),(403,'6','46','正常','','2016-10-20 20:14:40',NULL,'20161020201436.050'),(404,'6','47','暂不监控','','2016-10-20 20:14:40',NULL,'20161020201436.050'),(405,'7','40','正常','','2016-10-20 20:14:41',NULL,'20161020201436.050'),(406,'7','41','正常','','2016-10-20 20:14:41',NULL,'20161020201436.050'),(407,'7','42','正常','','2016-10-20 20:14:41',NULL,'20161020201436.050'),(408,'7','43','暂不监控','','2016-10-20 20:14:41',NULL,'20161020201436.050'),(409,'7','44','暂不监控','','2016-10-20 20:14:41',NULL,'20161020201436.050'),(410,'8','48','正常','','2016-10-20 20:14:42',NULL,'20161020201436.050'),(411,'8','49','正常','','2016-10-20 20:14:42',NULL,'20161020201436.050'),(412,'8','50','暂不监控','','2016-10-20 20:14:42',NULL,'20161020201436.050'),(413,'1','1','正常','','2016-10-20 20:16:47',NULL,'20161020201646.672'),(414,'1','2','正常','','2016-10-20 20:16:47',NULL,'20161020201646.672'),(415,'1','3','正常','','2016-10-20 20:16:47',NULL,'20161020201646.672'),(416,'1','4','正常','','2016-10-20 20:16:47',NULL,'20161020201646.672'),(417,'1','5','正常','','2016-10-20 20:16:47',NULL,'20161020201646.672'),(418,'1','6','正常','','2016-10-20 20:16:48',NULL,'20161020201646.672'),(419,'1','7','正常','','2016-10-20 20:16:48',NULL,'20161020201646.672'),(420,'1','8','正常','','2016-10-20 20:16:48',NULL,'20161020201646.672'),(421,'1','9','正常','','2016-10-20 20:16:48',NULL,'20161020201646.672'),(422,'1','10','正常','','2016-10-20 20:16:48',NULL,'20161020201646.672'),(423,'2','11','正常','','2016-10-20 20:16:48',NULL,'20161020201646.672'),(424,'2','12','正常','','2016-10-20 20:16:48',NULL,'20161020201646.672'),(425,'2','13','正常','','2016-10-20 20:16:48',NULL,'20161020201646.672'),(426,'2','14','正常','','2016-10-20 20:16:49',NULL,'20161020201646.672'),(427,'2','15','正常','','2016-10-20 20:16:49',NULL,'20161020201646.672'),(428,'2','16','正常','','2016-10-20 20:16:49',NULL,'20161020201646.672'),(429,'2','17','正常','','2016-10-20 20:16:49',NULL,'20161020201646.672'),(430,'2','18','正常','','2016-10-20 20:16:49',NULL,'20161020201646.672'),(431,'3','20','正常','','2016-10-20 20:16:50',NULL,'20161020201646.672'),(432,'3','21','正常','','2016-10-20 20:16:50',NULL,'20161020201646.672'),(433,'3','22','正常','','2016-10-20 20:16:50',NULL,'20161020201646.672'),(434,'3','23','错误','错误错误：请求超时\n','2016-10-20 20:17:20',NULL,'20161020201646.672'),(435,'3','24','正常','','2016-10-20 20:17:20',NULL,'20161020201646.672'),(436,'3','25','正常','','2016-10-20 20:17:20',NULL,'20161020201646.672'),(437,'3','26','正常','','2016-10-20 20:17:20',NULL,'20161020201646.672'),(438,'3','27','正常','','2016-10-20 20:17:21',NULL,'20161020201646.672'),(439,'4','28','正常','','2016-10-20 20:17:21',NULL,'20161020201646.672'),(440,'4','29','正常','','2016-10-20 20:17:21',NULL,'20161020201646.672'),(441,'4','30','正常','','2016-10-20 20:17:21',NULL,'20161020201646.672'),(442,'4','31','暂不监控','','2016-10-20 20:17:21',NULL,'20161020201646.672'),(443,'4','32','正常','','2016-10-20 20:17:21',NULL,'20161020201646.672'),(444,'4','33','正常','','2016-10-20 20:17:21',NULL,'20161020201646.672'),(445,'4','34','正常','','2016-10-20 20:17:21',NULL,'20161020201646.672'),(446,'4','35','正常','','2016-10-20 20:17:21',NULL,'20161020201646.672'),(447,'4','36','正常','','2016-10-20 20:17:21',NULL,'20161020201646.672'),(448,'4','37','正常','','2016-10-20 20:17:21',NULL,'20161020201646.672'),(449,'4','38','正常','','2016-10-20 20:17:21',NULL,'20161020201646.672'),(450,'5','39','正常','','2016-10-20 20:17:21',NULL,'20161020201646.672'),(451,'6','45','正常','','2016-10-20 20:17:21',NULL,'20161020201646.672'),(452,'6','46','正常','','2016-10-20 20:17:22',NULL,'20161020201646.672'),(453,'6','47','暂不监控','','2016-10-20 20:17:22',NULL,'20161020201646.672'),(454,'7','40','正常','','2016-10-20 20:17:22',NULL,'20161020201646.672'),(455,'7','41','正常','','2016-10-20 20:17:23',NULL,'20161020201646.672'),(456,'7','42','正常','','2016-10-20 20:17:23',NULL,'20161020201646.672'),(457,'7','43','暂不监控','','2016-10-20 20:17:23',NULL,'20161020201646.672'),(458,'7','44','暂不监控','','2016-10-20 20:17:23',NULL,'20161020201646.672'),(459,'8','48','正常','','2016-10-20 20:17:23',NULL,'20161020201646.672'),(460,'8','49','正常','','2016-10-20 20:17:24',NULL,'20161020201646.672'),(461,'8','50','暂不监控','','2016-10-20 20:17:24',NULL,'20161020201646.672'),(462,'1','1','正常','','2016-10-20 20:58:49',NULL,'20161020205849.012'),(463,'1','2','正常','','2016-10-20 20:58:50',NULL,'20161020205849.012'),(464,'1','3','正常','','2016-10-20 20:58:50',NULL,'20161020205849.012'),(465,'1','4','正常','','2016-10-20 20:58:50',NULL,'20161020205849.012'),(466,'1','5','正常','','2016-10-20 20:58:50',NULL,'20161020205849.012'),(467,'1','6','正常','','2016-10-20 20:58:50',NULL,'20161020205849.012'),(468,'1','7','正常','','2016-10-20 20:58:50',NULL,'20161020205849.012'),(469,'1','8','正常','','2016-10-20 20:58:50',NULL,'20161020205849.012'),(470,'1','9','正常','','2016-10-20 20:58:50',NULL,'20161020205849.012'),(471,'1','10','正常','','2016-10-20 20:58:50',NULL,'20161020205849.012'),(472,'2','11','正常','','2016-10-20 20:58:50',NULL,'20161020205849.012'),(473,'2','12','正常','','2016-10-20 20:58:50',NULL,'20161020205849.012'),(474,'2','13','正常','','2016-10-20 20:58:50',NULL,'20161020205849.012'),(475,'2','14','正常','','2016-10-20 20:58:51',NULL,'20161020205849.012'),(476,'2','15','正常','','2016-10-20 20:58:52',NULL,'20161020205849.012'),(477,'2','16','正常','','2016-10-20 20:58:52',NULL,'20161020205849.012'),(478,'2','17','正常','','2016-10-20 20:58:52',NULL,'20161020205849.012'),(479,'2','18','正常','','2016-10-20 20:58:52',NULL,'20161020205849.012'),(480,'3','20','正常','','2016-10-20 20:58:52',NULL,'20161020205849.012'),(481,'3','21','正常','','2016-10-20 20:58:53',NULL,'20161020205849.012'),(482,'3','22','正常','','2016-10-20 20:58:53',NULL,'20161020205849.012'),(483,'3','23','正常','','2016-10-20 20:58:53',NULL,'20161020205849.012'),(484,'3','24','正常','','2016-10-20 20:58:54',NULL,'20161020205849.012'),(485,'3','25','正常','','2016-10-20 20:58:54',NULL,'20161020205849.012'),(486,'3','26','正常','','2016-10-20 20:58:54',NULL,'20161020205849.012'),(487,'3','27','正常','','2016-10-20 20:58:55',NULL,'20161020205849.012'),(488,'4','28','正常','','2016-10-20 20:58:55',NULL,'20161020205849.012'),(489,'4','29','正常','','2016-10-20 20:58:55',NULL,'20161020205849.012'),(490,'4','30','正常','','2016-10-20 20:58:56',NULL,'20161020205849.012'),(491,'4','31','暂不监控','','2016-10-20 20:58:56',NULL,'20161020205849.012'),(492,'4','32','正常','','2016-10-20 20:58:57',NULL,'20161020205849.012'),(493,'4','33','正常','','2016-10-20 20:58:57',NULL,'20161020205849.012'),(494,'4','34','正常','','2016-10-20 20:58:57',NULL,'20161020205849.012'),(495,'4','35','正常','','2016-10-20 20:58:57',NULL,'20161020205849.012'),(496,'4','36','正常','','2016-10-20 20:58:57',NULL,'20161020205849.012'),(497,'4','37','正常','','2016-10-20 20:58:57',NULL,'20161020205849.012'),(498,'4','38','正常','','2016-10-20 20:58:57',NULL,'20161020205849.012'),(499,'5','39','正常','','2016-10-20 20:58:57',NULL,'20161020205849.012'),(500,'6','45','正常','','2016-10-20 20:58:57',NULL,'20161020205849.012'),(501,'6','46','正常','','2016-10-20 20:58:58',NULL,'20161020205849.012'),(502,'6','47','暂不监控','','2016-10-20 20:58:58',NULL,'20161020205849.012'),(503,'7','40','正常','','2016-10-20 20:58:58',NULL,'20161020205849.012'),(504,'7','41','正常','','2016-10-20 20:58:58',NULL,'20161020205849.012'),(505,'7','42','正常','','2016-10-20 20:58:58',NULL,'20161020205849.012'),(506,'7','43','暂不监控','','2016-10-20 20:58:58',NULL,'20161020205849.012'),(507,'7','44','暂不监控','','2016-10-20 20:58:58',NULL,'20161020205849.012'),(508,'8','48','正常','','2016-10-20 20:58:59',NULL,'20161020205849.012'),(509,'8','49','正常','','2016-10-20 20:58:59',NULL,'20161020205849.012'),(510,'8','50','暂不监控','','2016-10-20 20:58:59',NULL,'20161020205849.012'),(511,'1','1','正常','','2016-10-20 21:04:49',NULL,'2016-10-20 21:04:49.063'),(512,'1','2','正常','','2016-10-20 21:04:49',NULL,'2016-10-20 21:04:49.063'),(513,'1','3','正常','','2016-10-20 21:04:49',NULL,'2016-10-20 21:04:49.063'),(514,'1','4','正常','','2016-10-20 21:04:50',NULL,'2016-10-20 21:04:49.063'),(515,'1','5','正常','','2016-10-20 21:04:50',NULL,'2016-10-20 21:04:49.063'),(516,'1','6','正常','','2016-10-20 21:04:50',NULL,'2016-10-20 21:04:49.063'),(517,'1','7','正常','','2016-10-20 21:04:50',NULL,'2016-10-20 21:04:49.063'),(518,'1','8','正常','','2016-10-20 21:04:50',NULL,'2016-10-20 21:04:49.063'),(519,'1','9','正常','','2016-10-20 21:04:50',NULL,'2016-10-20 21:04:49.063'),(520,'1','10','正常','','2016-10-20 21:04:50',NULL,'2016-10-20 21:04:49.063'),(521,'2','11','正常','','2016-10-20 21:04:50',NULL,'2016-10-20 21:04:49.063'),(522,'2','12','正常','','2016-10-20 21:04:50',NULL,'2016-10-20 21:04:49.063'),(523,'2','13','正常','','2016-10-20 21:04:50',NULL,'2016-10-20 21:04:49.063'),(524,'2','14','正常','','2016-10-20 21:04:51',NULL,'2016-10-20 21:04:49.063'),(525,'2','15','正常','','2016-10-20 21:04:51',NULL,'2016-10-20 21:04:49.063'),(526,'2','16','正常','','2016-10-20 21:04:51',NULL,'2016-10-20 21:04:49.063'),(527,'2','17','正常','','2016-10-20 21:04:51',NULL,'2016-10-20 21:04:49.063'),(528,'2','18','正常','','2016-10-20 21:04:51',NULL,'2016-10-20 21:04:49.063'),(529,'3','20','正常','','2016-10-20 21:04:52',NULL,'2016-10-20 21:04:49.063'),(530,'3','21','正常','','2016-10-20 21:04:52',NULL,'2016-10-20 21:04:49.063'),(531,'3','22','正常','','2016-10-20 21:04:52',NULL,'2016-10-20 21:04:49.063'),(532,'3','23','正常','','2016-10-20 21:04:52',NULL,'2016-10-20 21:04:49.063'),(533,'3','24','正常','','2016-10-20 21:04:52',NULL,'2016-10-20 21:04:49.063'),(534,'3','25','正常','','2016-10-20 21:04:53',NULL,'2016-10-20 21:04:49.063'),(535,'3','26','正常','','2016-10-20 21:04:54',NULL,'2016-10-20 21:04:49.063'),(536,'3','27','正常','','2016-10-20 21:04:54',NULL,'2016-10-20 21:04:49.063'),(537,'4','28','正常','','2016-10-20 21:04:54',NULL,'2016-10-20 21:04:49.063'),(538,'4','29','正常','','2016-10-20 21:04:54',NULL,'2016-10-20 21:04:49.063'),(539,'4','30','正常','','2016-10-20 21:04:55',NULL,'2016-10-20 21:04:49.063'),(540,'4','31','暂不监控','','2016-10-20 21:04:55',NULL,'2016-10-20 21:04:49.063'),(541,'4','32','正常','','2016-10-20 21:04:55',NULL,'2016-10-20 21:04:49.063'),(542,'4','33','正常','','2016-10-20 21:04:55',NULL,'2016-10-20 21:04:49.063'),(543,'4','34','正常','','2016-10-20 21:04:55',NULL,'2016-10-20 21:04:49.063'),(544,'4','35','正常','','2016-10-20 21:04:55',NULL,'2016-10-20 21:04:49.063'),(545,'4','36','正常','','2016-10-20 21:04:55',NULL,'2016-10-20 21:04:49.063'),(546,'4','37','正常','','2016-10-20 21:04:55',NULL,'2016-10-20 21:04:49.063'),(547,'4','38','正常','','2016-10-20 21:04:55',NULL,'2016-10-20 21:04:49.063'),(548,'5','39','正常','','2016-10-20 21:04:55',NULL,'2016-10-20 21:04:49.063'),(549,'6','45','正常','','2016-10-20 21:04:55',NULL,'2016-10-20 21:04:49.063'),(550,'6','46','正常','','2016-10-20 21:04:56',NULL,'2016-10-20 21:04:49.063'),(551,'6','47','暂不监控','','2016-10-20 21:04:56',NULL,'2016-10-20 21:04:49.063'),(552,'7','40','正常','','2016-10-20 21:04:56',NULL,'2016-10-20 21:04:49.063'),(553,'7','41','正常','','2016-10-20 21:04:57',NULL,'2016-10-20 21:04:49.063'),(554,'7','42','正常','','2016-10-20 21:04:57',NULL,'2016-10-20 21:04:49.063'),(555,'7','43','暂不监控','','2016-10-20 21:04:57',NULL,'2016-10-20 21:04:49.063'),(556,'7','44','暂不监控','','2016-10-20 21:04:57',NULL,'2016-10-20 21:04:49.063'),(557,'8','48','正常','','2016-10-20 21:04:57',NULL,'2016-10-20 21:04:49.063'),(558,'8','49','正常','','2016-10-20 21:04:58',NULL,'2016-10-20 21:04:49.063'),(559,'8','50','暂不监控','','2016-10-20 21:04:58',NULL,'2016-10-20 21:04:49.063'),(560,'1','1','正常','','2016-10-20 21:06:56',NULL,'201610294210655883'),(561,'1','2','正常','','2016-10-20 21:06:56',NULL,'201610294210655883'),(562,'1','3','正常','','2016-10-20 21:06:56',NULL,'201610294210655883'),(563,'1','4','正常','','2016-10-20 21:06:56',NULL,'201610294210655883'),(564,'1','5','正常','','2016-10-20 21:06:57',NULL,'201610294210655883'),(565,'1','6','正常','','2016-10-20 21:06:57',NULL,'201610294210655883'),(566,'1','7','正常','','2016-10-20 21:06:57',NULL,'201610294210655883'),(567,'1','8','正常','','2016-10-20 21:06:57',NULL,'201610294210655883'),(568,'1','9','正常','','2016-10-20 21:06:57',NULL,'201610294210655883'),(569,'1','10','正常','','2016-10-20 21:06:57',NULL,'201610294210655883'),(570,'2','11','正常','','2016-10-20 21:06:57',NULL,'201610294210655883'),(571,'2','12','正常','','2016-10-20 21:06:57',NULL,'201610294210655883'),(572,'2','13','正常','','2016-10-20 21:06:57',NULL,'201610294210655883'),(573,'2','14','正常','','2016-10-20 21:06:58',NULL,'201610294210655883'),(574,'2','15','正常','','2016-10-20 21:06:58',NULL,'201610294210655883'),(575,'2','16','正常','','2016-10-20 21:06:58',NULL,'201610294210655883'),(576,'2','17','正常','','2016-10-20 21:06:58',NULL,'201610294210655883'),(577,'2','18','正常','','2016-10-20 21:06:58',NULL,'201610294210655883'),(578,'3','20','正常','','2016-10-20 21:06:59',NULL,'201610294210655883'),(579,'3','21','正常','','2016-10-20 21:06:59',NULL,'201610294210655883'),(580,'3','22','正常','','2016-10-20 21:06:59',NULL,'201610294210655883'),(581,'3','23','正常','','2016-10-20 21:06:59',NULL,'201610294210655883'),(582,'3','24','正常','','2016-10-20 21:06:59',NULL,'201610294210655883'),(583,'3','25','正常','','2016-10-20 21:06:59',NULL,'201610294210655883'),(584,'3','26','正常','','2016-10-20 21:06:59',NULL,'201610294210655883'),(585,'3','27','正常','','2016-10-20 21:06:59',NULL,'201610294210655883'),(586,'4','28','正常','','2016-10-20 21:06:59',NULL,'201610294210655883'),(587,'4','29','正常','','2016-10-20 21:06:59',NULL,'201610294210655883'),(588,'4','30','正常','','2016-10-20 21:07:03',NULL,'201610294210655883'),(589,'4','31','暂不监控','','2016-10-20 21:07:03',NULL,'201610294210655883'),(590,'4','32','正常','','2016-10-20 21:07:03',NULL,'201610294210655883'),(591,'4','33','正常','','2016-10-20 21:07:04',NULL,'201610294210655883'),(592,'4','34','正常','','2016-10-20 21:07:04',NULL,'201610294210655883'),(593,'4','35','正常','','2016-10-20 21:07:04',NULL,'201610294210655883'),(594,'4','36','正常','','2016-10-20 21:07:04',NULL,'201610294210655883'),(595,'4','37','正常','','2016-10-20 21:07:04',NULL,'201610294210655883'),(596,'4','38','正常','','2016-10-20 21:07:04',NULL,'201610294210655883'),(597,'5','39','正常','','2016-10-20 21:07:04',NULL,'201610294210655883'),(598,'6','45','正常','','2016-10-20 21:07:04',NULL,'201610294210655883'),(599,'6','46','正常','','2016-10-20 21:07:04',NULL,'201610294210655883'),(600,'6','47','暂不监控','','2016-10-20 21:07:05',NULL,'201610294210655883'),(601,'7','40','正常','','2016-10-20 21:07:05',NULL,'201610294210655883'),(602,'7','41','正常','','2016-10-20 21:07:05',NULL,'201610294210655883'),(603,'7','42','正常','','2016-10-20 21:07:05',NULL,'201610294210655883'),(604,'7','43','暂不监控','','2016-10-20 21:07:05',NULL,'201610294210655883'),(605,'7','44','暂不监控','','2016-10-20 21:07:05',NULL,'201610294210655883'),(606,'8','48','正常','','2016-10-20 21:07:06',NULL,'201610294210655883'),(607,'8','49','正常','','2016-10-20 21:07:06',NULL,'201610294210655883'),(608,'8','50','暂不监控','','2016-10-20 21:07:06',NULL,'201610294210655883'),(609,'1','1','正常','','2016-10-20 21:08:09',NULL,'201610294210809278'),(610,'1','2','正常','','2016-10-20 21:08:10',NULL,'201610294210809278'),(611,'1','3','正常','','2016-10-20 21:08:10',NULL,'201610294210809278'),(612,'1','4','正常','','2016-10-20 21:08:10',NULL,'201610294210809278'),(613,'1','5','正常','','2016-10-20 21:08:10',NULL,'201610294210809278'),(614,'1','6','正常','','2016-10-20 21:08:10',NULL,'201610294210809278'),(615,'1','7','正常','','2016-10-20 21:08:10',NULL,'201610294210809278'),(616,'1','8','正常','','2016-10-20 21:08:10',NULL,'201610294210809278'),(617,'1','9','正常','','2016-10-20 21:08:10',NULL,'201610294210809278'),(618,'1','10','正常','','2016-10-20 21:08:10',NULL,'201610294210809278'),(619,'2','11','正常','','2016-10-20 21:08:10',NULL,'201610294210809278'),(620,'2','12','正常','','2016-10-20 21:08:10',NULL,'201610294210809278'),(621,'2','13','正常','','2016-10-20 21:08:10',NULL,'201610294210809278'),(622,'2','14','正常','','2016-10-20 21:08:11',NULL,'201610294210809278'),(623,'2','15','正常','','2016-10-20 21:08:11',NULL,'201610294210809278'),(624,'2','16','正常','','2016-10-20 21:08:11',NULL,'201610294210809278'),(625,'2','17','正常','','2016-10-20 21:08:12',NULL,'201610294210809278'),(626,'2','18','正常','','2016-10-20 21:08:12',NULL,'201610294210809278'),(627,'3','20','正常','','2016-10-20 21:08:12',NULL,'201610294210809278'),(628,'3','21','正常','','2016-10-20 21:08:12',NULL,'201610294210809278'),(629,'3','22','正常','','2016-10-20 21:08:12',NULL,'201610294210809278'),(630,'3','23','正常','','2016-10-20 21:08:12',NULL,'201610294210809278'),(631,'3','24','正常','','2016-10-20 21:08:12',NULL,'201610294210809278'),(632,'3','25','正常','','2016-10-20 21:08:12',NULL,'201610294210809278'),(633,'3','26','正常','','2016-10-20 21:08:12',NULL,'201610294210809278'),(634,'3','27','正常','','2016-10-20 21:08:13',NULL,'201610294210809278'),(635,'4','28','正常','','2016-10-20 21:08:13',NULL,'201610294210809278'),(636,'4','29','正常','','2016-10-20 21:08:13',NULL,'201610294210809278'),(637,'4','30','正常','','2016-10-20 21:08:13',NULL,'201610294210809278'),(638,'4','31','暂不监控','','2016-10-20 21:08:13',NULL,'201610294210809278'),(639,'4','32','正常','','2016-10-20 21:08:13',NULL,'201610294210809278'),(640,'4','33','正常','','2016-10-20 21:08:13',NULL,'201610294210809278'),(641,'4','34','正常','','2016-10-20 21:08:13',NULL,'201610294210809278'),(642,'4','35','正常','','2016-10-20 21:08:13',NULL,'201610294210809278'),(643,'4','36','正常','','2016-10-20 21:08:13',NULL,'201610294210809278'),(644,'4','37','正常','','2016-10-20 21:08:13',NULL,'201610294210809278'),(645,'4','38','正常','','2016-10-20 21:08:13',NULL,'201610294210809278'),(646,'5','39','正常','','2016-10-20 21:08:13',NULL,'201610294210809278'),(647,'6','45','正常','','2016-10-20 21:08:13',NULL,'201610294210809278'),(648,'6','46','正常','','2016-10-20 21:08:14',NULL,'201610294210809278'),(649,'6','47','暂不监控','','2016-10-20 21:08:14',NULL,'201610294210809278'),(650,'7','40','正常','','2016-10-20 21:08:14',NULL,'201610294210809278'),(651,'7','41','正常','','2016-10-20 21:08:15',NULL,'201610294210809278'),(652,'7','42','正常','','2016-10-20 21:08:15',NULL,'201610294210809278'),(653,'7','43','暂不监控','','2016-10-20 21:08:15',NULL,'201610294210809278'),(654,'7','44','暂不监控','','2016-10-20 21:08:15',NULL,'201610294210809278'),(655,'8','48','正常','','2016-10-20 21:08:15',NULL,'201610294210809278'),(656,'8','49','正常','','2016-10-20 21:08:16',NULL,'201610294210809278'),(657,'8','50','暂不监控','','2016-10-20 21:08:16',NULL,'201610294210809278'),(658,'1','1','正常','','2016-10-20 21:10:00',NULL,'201610294211000178'),(659,'1','2','正常','','2016-10-20 21:10:01',NULL,'201610294211000178'),(660,'1','3','正常','','2016-10-20 21:10:01',NULL,'201610294211000178'),(661,'1','4','正常','','2016-10-20 21:10:01',NULL,'201610294211000178'),(662,'1','5','正常','','2016-10-20 21:10:01',NULL,'201610294211000178'),(663,'1','6','正常','','2016-10-20 21:10:01',NULL,'201610294211000178'),(664,'1','7','正常','','2016-10-20 21:10:01',NULL,'201610294211000178'),(665,'1','8','正常','','2016-10-20 21:10:01',NULL,'201610294211000178'),(666,'1','9','正常','','2016-10-20 21:10:01',NULL,'201610294211000178'),(667,'1','10','正常','','2016-10-20 21:10:01',NULL,'201610294211000178'),(668,'2','11','正常','','2016-10-20 21:10:01',NULL,'201610294211000178'),(669,'2','12','正常','','2016-10-20 21:10:01',NULL,'201610294211000178'),(670,'2','13','正常','','2016-10-20 21:10:01',NULL,'201610294211000178'),(671,'2','14','正常','','2016-10-20 21:10:02',NULL,'201610294211000178'),(672,'2','15','正常','','2016-10-20 21:10:02',NULL,'201610294211000178'),(673,'2','16','正常','','2016-10-20 21:10:02',NULL,'201610294211000178'),(674,'2','17','正常','','2016-10-20 21:10:02',NULL,'201610294211000178'),(675,'2','18','正常','','2016-10-20 21:10:02',NULL,'201610294211000178'),(676,'3','20','正常','','2016-10-20 21:10:03',NULL,'201610294211000178'),(677,'3','21','正常','','2016-10-20 21:10:03',NULL,'201610294211000178'),(678,'3','22','正常','','2016-10-20 21:10:03',NULL,'201610294211000178'),(679,'3','23','正常','','2016-10-20 21:10:03',NULL,'201610294211000178'),(680,'3','24','正常','','2016-10-20 21:10:03',NULL,'201610294211000178'),(681,'3','25','正常','','2016-10-20 21:10:03',NULL,'201610294211000178'),(682,'3','26','正常','','2016-10-20 21:10:03',NULL,'201610294211000178'),(683,'3','27','正常','','2016-10-20 21:10:03',NULL,'201610294211000178'),(684,'4','28','正常','','2016-10-20 21:10:03',NULL,'201610294211000178'),(685,'4','29','正常','','2016-10-20 21:10:03',NULL,'201610294211000178'),(686,'4','30','正常','','2016-10-20 21:10:11',NULL,'201610294211000178'),(687,'4','31','暂不监控','','2016-10-20 21:10:11',NULL,'201610294211000178'),(688,'4','32','正常','','2016-10-20 21:10:11',NULL,'201610294211000178'),(689,'4','33','正常','','2016-10-20 21:10:11',NULL,'201610294211000178'),(690,'4','34','正常','','2016-10-20 21:10:11',NULL,'201610294211000178'),(691,'4','35','正常','','2016-10-20 21:10:11',NULL,'201610294211000178'),(692,'4','36','正常','','2016-10-20 21:10:11',NULL,'201610294211000178'),(693,'4','37','正常','','2016-10-20 21:10:11',NULL,'201610294211000178'),(694,'4','38','正常','','2016-10-20 21:10:11',NULL,'201610294211000178'),(695,'5','39','正常','','2016-10-20 21:10:11',NULL,'201610294211000178'),(696,'6','45','正常','','2016-10-20 21:10:11',NULL,'201610294211000178'),(697,'6','46','正常','','2016-10-20 21:10:12',NULL,'201610294211000178'),(698,'6','47','暂不监控','','2016-10-20 21:10:12',NULL,'201610294211000178'),(699,'7','40','正常','','2016-10-20 21:10:12',NULL,'201610294211000178'),(700,'7','41','正常','','2016-10-20 21:10:12',NULL,'201610294211000178'),(701,'7','42','正常','','2016-10-20 21:10:13',NULL,'201610294211000178'),(702,'7','43','暂不监控','','2016-10-20 21:10:13',NULL,'201610294211000178'),(703,'7','44','暂不监控','','2016-10-20 21:10:13',NULL,'201610294211000178'),(704,'8','48','正常','','2016-10-20 21:10:13',NULL,'201610294211000178'),(705,'8','49','正常','','2016-10-20 21:10:14',NULL,'201610294211000178'),(706,'8','50','暂不监控','','2016-10-20 21:10:14',NULL,'201610294211000178'),(707,'1','1','正常','','2016-10-20 21:17:02',NULL,'201610294211702124'),(708,'1','2','正常','','2016-10-20 21:17:03',NULL,'201610294211702124'),(709,'1','1','正常','','2016-10-20 21:17:10',NULL,'201610294211709622'),(710,'1','2','正常','','2016-10-20 21:17:10',NULL,'201610294211709622'),(711,'1','3','正常','','2016-10-20 21:17:10',NULL,'201610294211709622'),(712,'1','4','正常','','2016-10-20 21:17:10',NULL,'201610294211709622'),(713,'1','5','正常','','2016-10-20 21:17:10',NULL,'201610294211709622'),(714,'1','6','正常','','2016-10-20 21:17:10',NULL,'201610294211709622'),(715,'1','7','正常','','2016-10-20 21:17:10',NULL,'201610294211709622'),(716,'1','8','正常','','2016-10-20 21:17:10',NULL,'201610294211709622'),(717,'1','9','正常','','2016-10-20 21:17:10',NULL,'201610294211709622'),(718,'1','10','正常','','2016-10-20 21:17:10',NULL,'201610294211709622'),(719,'2','11','正常','','2016-10-20 21:17:10',NULL,'201610294211709622'),(720,'2','12','正常','','2016-10-20 21:17:11',NULL,'201610294211709622'),(721,'2','13','正常','','2016-10-20 21:17:11',NULL,'201610294211709622'),(722,'2','14','正常','','2016-10-20 21:17:12',NULL,'201610294211709622'),(723,'2','15','正常','','2016-10-20 21:17:12',NULL,'201610294211709622'),(724,'2','16','正常','','2016-10-20 21:17:12',NULL,'201610294211709622'),(725,'2','17','正常','','2016-10-20 21:17:12',NULL,'201610294211709622'),(726,'2','18','正常','','2016-10-20 21:17:12',NULL,'201610294211709622'),(727,'3','20','正常','','2016-10-20 21:17:12',NULL,'201610294211709622'),(728,'3','21','正常','','2016-10-20 21:17:13',NULL,'201610294211709622'),(729,'3','22','正常','','2016-10-20 21:17:13',NULL,'201610294211709622'),(730,'3','23','正常','','2016-10-20 21:17:13',NULL,'201610294211709622'),(731,'3','24','正常','','2016-10-20 21:17:13',NULL,'201610294211709622'),(732,'3','25','正常','','2016-10-20 21:17:13',NULL,'201610294211709622'),(733,'3','26','正常','','2016-10-20 21:17:13',NULL,'201610294211709622'),(734,'3','27','正常','','2016-10-20 21:17:13',NULL,'201610294211709622'),(735,'4','28','正常','','2016-10-20 21:17:13',NULL,'201610294211709622'),(736,'4','29','正常','','2016-10-20 21:17:13',NULL,'201610294211709622'),(737,'4','30','正常','','2016-10-20 21:17:16',NULL,'201610294211709622'),(738,'4','31','暂不监控','','2016-10-20 21:17:16',NULL,'201610294211709622'),(739,'4','32','正常','','2016-10-20 21:17:16',NULL,'201610294211709622'),(740,'4','33','正常','','2016-10-20 21:17:16',NULL,'201610294211709622'),(741,'4','34','正常','','2016-10-20 21:17:16',NULL,'201610294211709622'),(742,'4','35','正常','','2016-10-20 21:17:17',NULL,'201610294211709622'),(743,'4','36','正常','','2016-10-20 21:17:17',NULL,'201610294211709622'),(744,'4','37','正常','','2016-10-20 21:17:17',NULL,'201610294211709622'),(745,'4','38','正常','','2016-10-20 21:17:17',NULL,'201610294211709622'),(746,'5','39','正常','','2016-10-20 21:17:17',NULL,'201610294211709622'),(747,'6','45','正常','','2016-10-20 21:17:17',NULL,'201610294211709622'),(748,'6','46','正常','','2016-10-20 21:17:17',NULL,'201610294211709622'),(749,'6','47','暂不监控','','2016-10-20 21:17:17',NULL,'201610294211709622'),(750,'7','40','正常','','2016-10-20 21:17:18',NULL,'201610294211709622'),(751,'7','41','正常','','2016-10-20 21:17:18',NULL,'201610294211709622'),(752,'7','42','正常','','2016-10-20 21:17:18',NULL,'201610294211709622'),(753,'7','43','暂不监控','','2016-10-20 21:17:18',NULL,'201610294211709622'),(754,'7','44','暂不监控','','2016-10-20 21:17:18',NULL,'201610294211709622'),(755,'8','48','正常','','2016-10-20 21:17:18',NULL,'201610294211709622'),(756,'8','49','正常','','2016-10-20 21:17:19',NULL,'201610294211709622'),(757,'8','50','暂不监控','','2016-10-20 21:17:19',NULL,'201610294211709622'),(758,'1','1','错误','错误错误：请求超时\n','2016-10-20 21:19:47',NULL,'201610294211917016'),(759,'1','2','错误','错误错误：请求超时\n','2016-10-20 21:20:17',NULL,'201610294211917016'),(760,'1','3','错误','错误错误：请求超时\n','2016-10-20 21:20:47',NULL,'201610294211917016'),(761,'1','4','错误','错误错误：请求超时\n','2016-10-20 21:21:17',NULL,'201610294211917016'),(762,'1','5','错误','错误错误：请求超时\n','2016-10-20 21:21:47',NULL,'201610294211917016'),(763,'1','6','错误','错误错误：请求超时\n','2016-10-20 21:22:17',NULL,'201610294211917016'),(764,'1','7','正常','','2016-10-20 21:22:17',NULL,'201610294211917016'),(765,'1','8','正常','','2016-10-20 21:22:18',NULL,'201610294211917016'),(766,'1','9','正常','','2016-10-20 21:22:18',NULL,'201610294211917016'),(767,'1','10','正常','','2016-10-20 21:22:18',NULL,'201610294211917016'),(768,'2','11','正常','','2016-10-20 21:22:18',NULL,'201610294211917016'),(769,'2','12','正常','','2016-10-20 21:22:18',NULL,'201610294211917016'),(770,'2','13','正常','','2016-10-20 21:22:18',NULL,'201610294211917016'),(771,'2','14','错误','错误ERROR:Tomcat服务器无法访问！org.apache.http.conn.HttpHostConnectException: Connect to 10.3.64.180:8088 [/10.3.64.180] failed: Connection refused: connect\r\n	at org.apache.http.impl.conn.DefaultHttpClientConnectionOperator.connect(DefaultHttpClientConnectionOperator.java:158)\r\n	at org.apache.http.impl.conn.PoolingHttpClientConnectionManager.connect(PoolingHttpClientConnectionManager.java:353)\r\n	at org.apache.http.impl.execchain.MainClientExec.establishRoute(MainClientExec.java:380)\r\n	at org.apache.http.impl.execchain.MainClientExec.execute(MainClientExec.java:236)\r\n	at org.apache.http.impl.execchain.ProtocolExec.execute(ProtocolExec.java:184)\r\n	at org.apache.http.impl.execchain.RetryExec.execute(RetryExec.java:88)\r\n	at org.apache.http.impl.execchain.RedirectExec.execute(RedirectExec.java:110)\r\n	at org.apache.http.impl.client.InternalHttpClient.doExecute(InternalHttpClient.java:184)\r\n	at org.apache.http.impl.client.CloseableHttpClient.execute(CloseableHttpClient.java:82)\r\n	at org.apache.http.impl.client.CloseableHttpClient.execute(CloseableHttpClient.java:107)\r\n	at com.johnny.common.util.HttpClientUtil.sendHttpPost(HttpClientUtil.java:162)\r\n	at com.johnny.common.util.HttpClientUtil.sendHttpPostJson(HttpClientUtil.java:121)\r\n	at com.johnny.monitor.business.service.MonitorService.HttpPost(MonitorService.java:34)\r\n	at com.johnny.monitor.business.service.MonitorTomcatServer.execute(MonitorTomcatServer.java:24)\r\n	at com.johnny.monitor.common.run.SystemMonitorThread$1.call(SystemMonitorThread.java:93)\r\n	at com.johnny.monitor.common.run.SystemMonitorThread$1.call(SystemMonitorThread.java:1)\r\n	at java.util.concurrent.FutureTask.run(FutureTask.java:262)\r\n	at java.util.concurrent.ThreadPoolExecutor.runWorker(ThreadPoolExecutor.java:1145)\r\n	at java.util.concurrent.ThreadPoolExecutor$Worker.run(ThreadPoolExecutor.java:615)\r\n	at java.lang.Thread.run(Thread.java:745)\r\nCaused by: java.net.ConnectException: Connection refused: connect\r\n	at java.net.DualStackPlainSocketImpl.waitForConnect(Native Method)\r\n	at java.net.DualStackPlainSocketImpl.socketConnect(DualStackPlainSocketImpl.java:85)\r\n	at java.net.AbstractPlainSocketImpl.doConnect(AbstractPlainSocketImpl.java:339)\r\n	at java.net.AbstractPlainSocketImpl.connectToAddress(AbstractPlainSocketImpl.java:200)\r\n	at java.net.AbstractPlainSocketImpl.connect(AbstractPlainSocketImpl.java:182)\r\n	at java.net.PlainSocketImpl.connect(PlainSocketImpl.java:172)\r\n	at java.net.SocksSocketImpl.connect(SocksSocketImpl.java:392)\r\n	at java.net.Socket.connect(Socket.java:579)\r\n	at org.apache.http.conn.socket.PlainConnectionSocketFactory.connectSocket(PlainConnectionSocketFactory.java:74)\r\n	at org.apache.http.impl.conn.DefaultHttpClientConnectionOperator.connect(DefaultHttpClientConnectionOperator.java:141)\r\n	... 19 more\r\n\n','2016-10-20 21:22:19',NULL,'201610294211917016'),(772,'2','15','正常','','2016-10-20 21:22:19',NULL,'201610294211917016'),(773,'2','16','正常','','2016-10-20 21:22:19',NULL,'201610294211917016'),(774,'2','17','正常','','2016-10-20 21:22:19',NULL,'201610294211917016'),(775,'2','18','正常','','2016-10-20 21:22:19',NULL,'201610294211917016'),(776,'3','20','正常','','2016-10-20 21:22:20',NULL,'201610294211917016'),(777,'3','21','正常','','2016-10-20 21:22:20',NULL,'201610294211917016'),(778,'3','22','正常','','2016-10-20 21:22:20',NULL,'201610294211917016'),(779,'3','23','正常','','2016-10-20 21:22:20',NULL,'201610294211917016'),(780,'3','24','正常','','2016-10-20 21:22:20',NULL,'201610294211917016'),(781,'3','25','正常','','2016-10-20 21:22:20',NULL,'201610294211917016'),(782,'3','26','正常','','2016-10-20 21:22:20',NULL,'201610294211917016'),(783,'3','27','正常','','2016-10-20 21:22:20',NULL,'201610294211917016'),(784,'4','28','正常','','2016-10-20 21:22:20',NULL,'201610294211917016'),(785,'4','29','正常','','2016-10-20 21:22:20',NULL,'201610294211917016'),(786,'4','30','正常','','2016-10-20 21:22:20',NULL,'201610294211917016'),(787,'4','31','暂不监控','','2016-10-20 21:22:20',NULL,'201610294211917016'),(788,'4','32','正常','','2016-10-20 21:22:21',NULL,'201610294211917016'),(789,'4','33','正常','','2016-10-20 21:22:21',NULL,'201610294211917016'),(790,'4','34','正常','','2016-10-20 21:22:21',NULL,'201610294211917016'),(791,'4','35','正常','','2016-10-20 21:22:21',NULL,'201610294211917016'),(792,'4','36','正常','','2016-10-20 21:22:21',NULL,'201610294211917016'),(793,'4','37','正常','','2016-10-20 21:22:21',NULL,'201610294211917016'),(794,'4','38','正常','','2016-10-20 21:22:21',NULL,'201610294211917016'),(795,'5','39','正常','','2016-10-20 21:22:21',NULL,'201610294211917016'),(796,'6','45','正常','','2016-10-20 21:22:21',NULL,'201610294211917016'),(797,'6','46','正常','','2016-10-20 21:22:22',NULL,'201610294211917016'),(798,'6','47','暂不监控','','2016-10-20 21:22:22',NULL,'201610294211917016'),(799,'7','40','正常','','2016-10-20 21:22:22',NULL,'201610294211917016'),(800,'7','41','正常','','2016-10-20 21:22:22',NULL,'201610294211917016'),(801,'7','42','正常','','2016-10-20 21:22:22',NULL,'201610294211917016'),(802,'7','43','暂不监控','','2016-10-20 21:22:22',NULL,'201610294211917016'),(803,'7','44','暂不监控','','2016-10-20 21:22:22',NULL,'201610294211917016'),(804,'1','1','正常','','2016-10-20 21:22:43',NULL,'201610294212242573'),(805,'1','2','正常','','2016-10-20 21:22:43',NULL,'201610294212242573'),(806,'1','3','正常','','2016-10-20 21:22:43',NULL,'201610294212242573'),(807,'1','4','正常','','2016-10-20 21:22:43',NULL,'201610294212242573'),(808,'1','5','正常','','2016-10-20 21:22:43',NULL,'201610294212242573'),(809,'1','6','正常','','2016-10-20 21:22:43',NULL,'201610294212242573'),(810,'1','7','正常','','2016-10-20 21:22:43',NULL,'201610294212242573'),(811,'1','8','正常','','2016-10-20 21:22:43',NULL,'201610294212242573'),(812,'1','9','正常','','2016-10-20 21:22:43',NULL,'201610294212242573'),(813,'1','10','正常','','2016-10-20 21:22:43',NULL,'201610294212242573'),(814,'2','11','正常','','2016-10-20 21:22:43',NULL,'201610294212242573'),(815,'2','12','正常','','2016-10-20 21:22:44',NULL,'201610294212242573'),(816,'2','13','正常','','2016-10-20 21:22:44',NULL,'201610294212242573'),(817,'2','14','错误','错误ERROR:Tomcat服务器无法访问！org.apache.http.conn.HttpHostConnectException: Connect to 10.3.64.180:8088 [/10.3.64.180] failed: Connection refused: connect\r\n	at org.apache.http.impl.conn.DefaultHttpClientConnectionOperator.connect(DefaultHttpClientConnectionOperator.java:158)\r\n	at org.apache.http.impl.conn.PoolingHttpClientConnectionManager.connect(PoolingHttpClientConnectionManager.java:353)\r\n	at org.apache.http.impl.execchain.MainClientExec.establishRoute(MainClientExec.java:380)\r\n	at org.apache.http.impl.execchain.MainClientExec.execute(MainClientExec.java:236)\r\n	at org.apache.http.impl.execchain.ProtocolExec.execute(ProtocolExec.java:184)\r\n	at org.apache.http.impl.execchain.RetryExec.execute(RetryExec.java:88)\r\n	at org.apache.http.impl.execchain.RedirectExec.execute(RedirectExec.java:110)\r\n	at org.apache.http.impl.client.InternalHttpClient.doExecute(InternalHttpClient.java:184)\r\n	at org.apache.http.impl.client.CloseableHttpClient.execute(CloseableHttpClient.java:82)\r\n	at org.apache.http.impl.client.CloseableHttpClient.execute(CloseableHttpClient.java:107)\r\n	at com.johnny.common.util.HttpClientUtil.sendHttpPost(HttpClientUtil.java:162)\r\n	at com.johnny.common.util.HttpClientUtil.sendHttpPostJson(HttpClientUtil.java:121)\r\n	at com.johnny.monitor.business.service.MonitorService.HttpPost(MonitorService.java:34)\r\n	at com.johnny.monitor.business.service.MonitorTomcatServer.execute(MonitorTomcatServer.java:24)\r\n	at com.johnny.monitor.common.run.SystemMonitorThread$1.call(SystemMonitorThread.java:93)\r\n	at com.johnny.monitor.common.run.SystemMonitorThread$1.call(SystemMonitorThread.java:1)\r\n	at java.util.concurrent.FutureTask.run(FutureTask.java:262)\r\n	at java.util.concurrent.ThreadPoolExecutor.runWorker(ThreadPoolExecutor.java:1145)\r\n	at java.util.concurrent.ThreadPoolExecutor$Worker.run(ThreadPoolExecutor.java:615)\r\n	at java.lang.Thread.run(Thread.java:745)\r\nCaused by: java.net.ConnectException: Connection refused: connect\r\n	at java.net.DualStackPlainSocketImpl.waitForConnect(Native Method)\r\n	at java.net.DualStackPlainSocketImpl.socketConnect(DualStackPlainSocketImpl.java:85)\r\n	at java.net.AbstractPlainSocketImpl.doConnect(AbstractPlainSocketImpl.java:339)\r\n	at java.net.AbstractPlainSocketImpl.connectToAddress(AbstractPlainSocketImpl.java:200)\r\n	at java.net.AbstractPlainSocketImpl.connect(AbstractPlainSocketImpl.java:182)\r\n	at java.net.PlainSocketImpl.connect(PlainSocketImpl.java:172)\r\n	at java.net.SocksSocketImpl.connect(SocksSocketImpl.java:392)\r\n	at java.net.Socket.connect(Socket.java:579)\r\n	at org.apache.http.conn.socket.PlainConnectionSocketFactory.connectSocket(PlainConnectionSocketFactory.java:74)\r\n	at org.apache.http.impl.conn.DefaultHttpClientConnectionOperator.connect(DefaultHttpClientConnectionOperator.java:141)\r\n	... 19 more\r\n\n','2016-10-20 21:22:45',NULL,'201610294212242573'),(818,'2','15','正常','','2016-10-20 21:22:45',NULL,'201610294212242573'),(819,'2','16','正常','','2016-10-20 21:22:45',NULL,'201610294212242573'),(820,'2','17','正常','','2016-10-20 21:22:45',NULL,'201610294212242573'),(821,'2','18','正常','','2016-10-20 21:22:45',NULL,'201610294212242573'),(822,'3','20','错误','错误AxisFault\r\n faultCode: {http://schemas.xmlsoap.org/soap/envelope/}Server\r\n faultSubcode: \r\n faultString: 在业务服务\'AccountWS\'中没有为\'QueryPage\'方法提供必需的输入参数\'PageSize\'(SBL-DAT-00125)\r\n faultActor: \r\n faultNode: \r\n faultDetail: \r\n	{http://www.siebel.com/ws/fault}siebdetail:<siebelf:logfilename>EAIObjMgr_chs_0018_18874435.log</siebelf:logfilename><siebelf:errorstack><siebelf:error><siebelf:errorcode>SBL-DAT-00125</siebelf:errorcode><siebelf:errorsymbol/><siebelf:errormsg>在业务服务\'AccountWS\'中没有为\'QueryPage\'方法提供必需的输入参数\'PageSize\'(SBL-DAT-00125)</siebelf:errormsg></siebelf:error></siebelf:errorstack>\r\n\r\n在业务服务\'AccountWS\'中没有为\'QueryPage\'方法提供必需的输入参数\'PageSize\'(SBL-DAT-00125)\r\n	at org.apache.axis.message.SOAPFaultBuilder.createFault(SOAPFaultBuilder.java:222)\r\n	at org.apache.axis.message.SOAPFaultBuilder.endElement(SOAPFaultBuilder.java:129)\r\n	at org.apache.axis.encoding.DeserializationContext.endElement(DeserializationContext.java:1087)\r\n	at com.sun.org.apache.xerces.internal.parsers.AbstractSAXParser.endElement(AbstractSAXParser.java:609)\r\n	at com.sun.org.apache.xerces.internal.impl.XMLDocumentFragmentScannerImpl.scanEndElement(XMLDocumentFragmentScannerImpl.java:1782)\r\n	at com.sun.org.apache.xerces.internal.impl.XMLDocumentFragmentScannerImpl$FragmentContentDriver.next(XMLDocumentFragmentScannerImpl.java:2973)\r\n	at com.sun.org.apache.xerces.internal.impl.XMLDocumentScannerImpl.next(XMLDocumentScannerImpl.java:606)\r\n	at com.sun.org.apache.xerces.internal.impl.XMLNSDocumentScannerImpl.next(XMLNSDocumentScannerImpl.java:117)\r\n	at com.sun.org.apache.xerces.internal.impl.XMLDocumentFragmentScannerImpl.scanDocument(XMLDocumentFragmentScannerImpl.java:510)\r\n	at com.sun.org.apache.xerces.internal.parsers.XML11Configuration.parse(XML11Configuration.java:848)\r\n	at com.sun.org.apache.xerces.internal.parsers.XML11Configuration.parse(XML11Configuration.java:777)\r\n	at com.sun.org.apache.xerces.internal.parsers.XMLParser.parse(XMLParser.java:141)\r\n	at com.sun.org.apache.xerces.internal.parsers.AbstractSAXParser.parse(AbstractSAXParser.java:1213)\r\n	at com.sun.org.apache.xerces.internal.jaxp.SAXParserImpl$JAXPSAXParser.parse(SAXParserImpl.java:648)\r\n	at com.sun.org.apache.xerces.internal.jaxp.SAXParserImpl.parse(SAXParserImpl.java:332)\r\n	at org.apache.axis.encoding.DeserializationContext.parse(DeserializationContext.java:227)\r\n	at org.apache.axis.SOAPPart.getAsSOAPEnvelope(SOAPPart.java:696)\r\n	at org.apache.axis.Message.getSOAPEnvelope(Message.java:435)\r\n	at org.apache.axis.handlers.soap.MustUnderstandChecker.invoke(MustUnderstandChecker.java:62)\r\n	at org.apache.axis.client.AxisClient.invoke(AxisClient.java:206)\r\n	at org.apache.axis.client.Call.invokeEngine(Call.java:2784)\r\n	at org.apache.axis.client.Call.invoke(Call.java:2767)\r\n	at org.apache.axis.client.Call.invoke(Call.java:2443)\r\n	at org.apache.axis.client.Call.invoke(Call.java:2366)\r\n	at org.apache.axis.client.Call.invoke(Call.java:1812)\r\n	at com.johnny.monitor.business.webservice.siebel.AccountWSPortStub.accountQueryPageMSO(AccountWSPortStub.java:228)\r\n	at com.johnny.monitor.business.service.MonitorSiebelWeb.execute(MonitorSiebelWeb.java:30)\r\n	at com.johnny.monitor.common.run.SystemMonitorThread$1.call(SystemMonitorThread.java:93)\r\n	at com.johnny.monitor.common.run.SystemMonitorThread$1.call(SystemMonitorThread.java:1)\r\n	at java.util.concurrent.FutureTask.run(FutureTask.java:262)\r\n	at java.util.concurrent.ThreadPoolExecutor.runWorker(ThreadPoolExecutor.java:1145)\r\n	at java.util.concurrent.ThreadPoolExecutor$Worker.run(ThreadPoolExecutor.java:615)\r\n	at java.lang.Thread.run(Thread.java:745)\r\n\n','2016-10-20 21:22:45',NULL,'201610294212242573'),(823,'3','21','错误','错误AxisFault\r\n faultCode: {http://schemas.xmlsoap.org/soap/envelope/}Server\r\n faultSubcode: \r\n faultString: 在业务服务\'AccountWS\'中没有为\'QueryPage\'方法提供必需的输入参数\'PageSize\'(SBL-DAT-00125)\r\n faultActor: \r\n faultNode: \r\n faultDetail: \r\n	{http://www.siebel.com/ws/fault}siebdetail:<siebelf:logfilename>EAIObjMgr_chs_0017_17825823.log</siebelf:logfilename><siebelf:errorstack><siebelf:error><siebelf:errorcode>SBL-DAT-00125</siebelf:errorcode><siebelf:errorsymbol/><siebelf:errormsg>在业务服务\'AccountWS\'中没有为\'QueryPage\'方法提供必需的输入参数\'PageSize\'(SBL-DAT-00125)</siebelf:errormsg></siebelf:error></siebelf:errorstack>\r\n\r\n在业务服务\'AccountWS\'中没有为\'QueryPage\'方法提供必需的输入参数\'PageSize\'(SBL-DAT-00125)\r\n	at org.apache.axis.message.SOAPFaultBuilder.createFault(SOAPFaultBuilder.java:222)\r\n	at org.apache.axis.message.SOAPFaultBuilder.endElement(SOAPFaultBuilder.java:129)\r\n	at org.apache.axis.encoding.DeserializationContext.endElement(DeserializationContext.java:1087)\r\n	at com.sun.org.apache.xerces.internal.parsers.AbstractSAXParser.endElement(AbstractSAXParser.java:609)\r\n	at com.sun.org.apache.xerces.internal.impl.XMLDocumentFragmentScannerImpl.scanEndElement(XMLDocumentFragmentScannerImpl.java:1782)\r\n	at com.sun.org.apache.xerces.internal.impl.XMLDocumentFragmentScannerImpl$FragmentContentDriver.next(XMLDocumentFragmentScannerImpl.java:2973)\r\n	at com.sun.org.apache.xerces.internal.impl.XMLDocumentScannerImpl.next(XMLDocumentScannerImpl.java:606)\r\n	at com.sun.org.apache.xerces.internal.impl.XMLNSDocumentScannerImpl.next(XMLNSDocumentScannerImpl.java:117)\r\n	at com.sun.org.apache.xerces.internal.impl.XMLDocumentFragmentScannerImpl.scanDocument(XMLDocumentFragmentScannerImpl.java:510)\r\n	at com.sun.org.apache.xerces.internal.parsers.XML11Configuration.parse(XML11Configuration.java:848)\r\n	at com.sun.org.apache.xerces.internal.parsers.XML11Configuration.parse(XML11Configuration.java:777)\r\n	at com.sun.org.apache.xerces.internal.parsers.XMLParser.parse(XMLParser.java:141)\r\n	at com.sun.org.apache.xerces.internal.parsers.AbstractSAXParser.parse(AbstractSAXParser.java:1213)\r\n	at com.sun.org.apache.xerces.internal.jaxp.SAXParserImpl$JAXPSAXParser.parse(SAXParserImpl.java:648)\r\n	at com.sun.org.apache.xerces.internal.jaxp.SAXParserImpl.parse(SAXParserImpl.java:332)\r\n	at org.apache.axis.encoding.DeserializationContext.parse(DeserializationContext.java:227)\r\n	at org.apache.axis.SOAPPart.getAsSOAPEnvelope(SOAPPart.java:696)\r\n	at org.apache.axis.Message.getSOAPEnvelope(Message.java:435)\r\n	at org.apache.axis.handlers.soap.MustUnderstandChecker.invoke(MustUnderstandChecker.java:62)\r\n	at org.apache.axis.client.AxisClient.invoke(AxisClient.java:206)\r\n	at org.apache.axis.client.Call.invokeEngine(Call.java:2784)\r\n	at org.apache.axis.client.Call.invoke(Call.java:2767)\r\n	at org.apache.axis.client.Call.invoke(Call.java:2443)\r\n	at org.apache.axis.client.Call.invoke(Call.java:2366)\r\n	at org.apache.axis.client.Call.invoke(Call.java:1812)\r\n	at com.johnny.monitor.business.webservice.siebel.AccountWSPortStub.accountQueryPageMSO(AccountWSPortStub.java:228)\r\n	at com.johnny.monitor.business.service.MonitorSiebelWeb.execute(MonitorSiebelWeb.java:30)\r\n	at com.johnny.monitor.common.run.SystemMonitorThread$1.call(SystemMonitorThread.java:93)\r\n	at com.johnny.monitor.common.run.SystemMonitorThread$1.call(SystemMonitorThread.java:1)\r\n	at java.util.concurrent.FutureTask.run(FutureTask.java:262)\r\n	at java.util.concurrent.ThreadPoolExecutor.runWorker(ThreadPoolExecutor.java:1145)\r\n	at java.util.concurrent.ThreadPoolExecutor$Worker.run(ThreadPoolExecutor.java:615)\r\n	at java.lang.Thread.run(Thread.java:745)\r\n\n','2016-10-20 21:22:46',NULL,'201610294212242573'),(824,'3','22','错误','错误AxisFault\r\n faultCode: {http://schemas.xmlsoap.org/soap/envelope/}Server\r\n faultSubcode: \r\n faultString: 在业务服务\'AccountWS\'中没有为\'QueryPage\'方法提供必需的输入参数\'PageSize\'(SBL-DAT-00125)\r\n faultActor: \r\n faultNode: \r\n faultDetail: \r\n	{http://www.siebel.com/ws/fault}siebdetail:<siebelf:logfilename>EAIObjMgr_chs_0032_33554775.log</siebelf:logfilename><siebelf:errorstack><siebelf:error><siebelf:errorcode>SBL-DAT-00125</siebelf:errorcode><siebelf:errorsymbol/><siebelf:errormsg>在业务服务\'AccountWS\'中没有为\'QueryPage\'方法提供必需的输入参数\'PageSize\'(SBL-DAT-00125)</siebelf:errormsg></siebelf:error></siebelf:errorstack>\r\n\r\n在业务服务\'AccountWS\'中没有为\'QueryPage\'方法提供必需的输入参数\'PageSize\'(SBL-DAT-00125)\r\n	at org.apache.axis.message.SOAPFaultBuilder.createFault(SOAPFaultBuilder.java:222)\r\n	at org.apache.axis.message.SOAPFaultBuilder.endElement(SOAPFaultBuilder.java:129)\r\n	at org.apache.axis.encoding.DeserializationContext.endElement(DeserializationContext.java:1087)\r\n	at com.sun.org.apache.xerces.internal.parsers.AbstractSAXParser.endElement(AbstractSAXParser.java:609)\r\n	at com.sun.org.apache.xerces.internal.impl.XMLDocumentFragmentScannerImpl.scanEndElement(XMLDocumentFragmentScannerImpl.java:1782)\r\n	at com.sun.org.apache.xerces.internal.impl.XMLDocumentFragmentScannerImpl$FragmentContentDriver.next(XMLDocumentFragmentScannerImpl.java:2973)\r\n	at com.sun.org.apache.xerces.internal.impl.XMLDocumentScannerImpl.next(XMLDocumentScannerImpl.java:606)\r\n	at com.sun.org.apache.xerces.internal.impl.XMLNSDocumentScannerImpl.next(XMLNSDocumentScannerImpl.java:117)\r\n	at com.sun.org.apache.xerces.internal.impl.XMLDocumentFragmentScannerImpl.scanDocument(XMLDocumentFragmentScannerImpl.java:510)\r\n	at com.sun.org.apache.xerces.internal.parsers.XML11Configuration.parse(XML11Configuration.java:848)\r\n	at com.sun.org.apache.xerces.internal.parsers.XML11Configuration.parse(XML11Configuration.java:777)\r\n	at com.sun.org.apache.xerces.internal.parsers.XMLParser.parse(XMLParser.java:141)\r\n	at com.sun.org.apache.xerces.internal.parsers.AbstractSAXParser.parse(AbstractSAXParser.java:1213)\r\n	at com.sun.org.apache.xerces.internal.jaxp.SAXParserImpl$JAXPSAXParser.parse(SAXParserImpl.java:648)\r\n	at com.sun.org.apache.xerces.internal.jaxp.SAXParserImpl.parse(SAXParserImpl.java:332)\r\n	at org.apache.axis.encoding.DeserializationContext.parse(DeserializationContext.java:227)\r\n	at org.apache.axis.SOAPPart.getAsSOAPEnvelope(SOAPPart.java:696)\r\n	at org.apache.axis.Message.getSOAPEnvelope(Message.java:435)\r\n	at org.apache.axis.handlers.soap.MustUnderstandChecker.invoke(MustUnderstandChecker.java:62)\r\n	at org.apache.axis.client.AxisClient.invoke(AxisClient.java:206)\r\n	at org.apache.axis.client.Call.invokeEngine(Call.java:2784)\r\n	at org.apache.axis.client.Call.invoke(Call.java:2767)\r\n	at org.apache.axis.client.Call.invoke(Call.java:2443)\r\n	at org.apache.axis.client.Call.invoke(Call.java:2366)\r\n	at org.apache.axis.client.Call.invoke(Call.java:1812)\r\n	at com.johnny.monitor.business.webservice.siebel.AccountWSPortStub.accountQueryPageMSO(AccountWSPortStub.java:228)\r\n	at com.johnny.monitor.business.service.MonitorSiebelWeb.execute(MonitorSiebelWeb.java:30)\r\n	at com.johnny.monitor.common.run.SystemMonitorThread$1.call(SystemMonitorThread.java:93)\r\n	at com.johnny.monitor.common.run.SystemMonitorThread$1.call(SystemMonitorThread.java:1)\r\n	at java.util.concurrent.FutureTask.run(FutureTask.java:262)\r\n	at java.util.concurrent.ThreadPoolExecutor.runWorker(ThreadPoolExecutor.java:1145)\r\n	at java.util.concurrent.ThreadPoolExecutor$Worker.run(ThreadPoolExecutor.java:615)\r\n	at java.lang.Thread.run(Thread.java:745)\r\n\n','2016-10-20 21:22:46',NULL,'201610294212242573'),(825,'3','23','错误','错误ERROR:Siebel 应用服务器无法访问！AxisFault\r\n faultCode: {http://xml.apache.org/axis/}HTTP\r\n faultSubcode: \r\n faultString: (500)Internal Server Error\r\n faultActor: \r\n faultNode: \r\n faultDetail: \r\n	{}:return code:  500\n&lt;html&gt;&lt;head&gt;&lt;title&gt;Message:&lt;/title&gt;&lt;/head&gt;\r\n&lt;body&gt;&lt;h1&gt;消息：&lt;/h1&gt;\r\n&lt;p&gt;试图处理请求时出现错误。该错误表示该服务器的配置有问题，应向网站管理员报告（并附下面列出的所有错误）。我们对因此造成的不便表示歉意&lt;/p&gt;\r\n&lt;p&gt;错误：&lt;ol&gt;&lt;li&gt;尝试连接到 %1 时登录失败&lt;/ol&gt;&lt;/p&gt;\r\n&lt;/body&gt;&lt;/html&gt;\r\n	{http://xml.apache.org/axis/}HttpErrorCode:500\r\n\r\n(500)Internal Server Error\r\n	at org.apache.axis.transport.http.HTTPSender.readFromSocket(HTTPSender.java:744)\r\n	at org.apache.axis.transport.http.HTTPSender.invoke(HTTPSender.java:144)\r\n	at org.apache.axis.strategies.InvocationStrategy.visit(InvocationStrategy.java:32)\r\n	at org.apache.axis.SimpleChain.doVisiting(SimpleChain.java:118)\r\n	at org.apache.axis.SimpleChain.invoke(SimpleChain.java:83)\r\n	at org.apache.axis.client.AxisClient.invoke(AxisClient.java:165)\r\n	at org.apache.axis.client.Call.invokeEngine(Call.java:2784)\r\n	at org.apache.axis.client.Call.invoke(Call.java:2767)\r\n	at org.apache.axis.client.Call.invoke(Call.java:2443)\r\n	at org.apache.axis.client.Call.invoke(Call.java:2366)\r\n	at org.apache.axis.client.Call.invoke(Call.java:1812)\r\n	at com.johnny.monitor.business.webservice.siebel.AccountWSPortStub.accountQueryPageMSO(AccountWSPortStub.java:228)\r\n	at com.johnny.monitor.business.service.MonitorSiebelWeb.execute(MonitorSiebelWeb.java:30)\r\n	at com.johnny.monitor.common.run.SystemMonitorThread$1.call(SystemMonitorThread.java:93)\r\n	at com.johnny.monitor.common.run.SystemMonitorThread$1.call(SystemMonitorThread.java:1)\r\n	at java.util.concurrent.FutureTask.run(FutureTask.java:262)\r\n	at java.util.concurrent.ThreadPoolExecutor.runWorker(ThreadPoolExecutor.java:1145)\r\n	at java.util.concurrent.ThreadPoolExecutor$Worker.run(ThreadPoolExecutor.java:615)\r\n	at java.lang.Thread.run(Thread.java:745)\r\n\n','2016-10-20 21:22:46',NULL,'201610294212242573'),(826,'3','24','错误','错误AxisFault\r\n faultCode: {http://schemas.xmlsoap.org/soap/envelope/}Server\r\n faultSubcode: \r\n faultString: 在业务服务\'AccountWS\'中没有为\'QueryPage\'方法提供必需的输入参数\'PageSize\'(SBL-DAT-00125)\r\n faultActor: \r\n faultNode: \r\n faultDetail: \r\n	{http://www.siebel.com/ws/fault}siebdetail:<siebelf:logfilename>EAIObjMgr_chs_0023_24117603.log</siebelf:logfilename><siebelf:errorstack><siebelf:error><siebelf:errorcode>SBL-DAT-00125</siebelf:errorcode><siebelf:errorsymbol/><siebelf:errormsg>在业务服务\'AccountWS\'中没有为\'QueryPage\'方法提供必需的输入参数\'PageSize\'(SBL-DAT-00125)</siebelf:errormsg></siebelf:error></siebelf:errorstack>\r\n\r\n在业务服务\'AccountWS\'中没有为\'QueryPage\'方法提供必需的输入参数\'PageSize\'(SBL-DAT-00125)\r\n	at org.apache.axis.message.SOAPFaultBuilder.createFault(SOAPFaultBuilder.java:222)\r\n	at org.apache.axis.message.SOAPFaultBuilder.endElement(SOAPFaultBuilder.java:129)\r\n	at org.apache.axis.encoding.DeserializationContext.endElement(DeserializationContext.java:1087)\r\n	at com.sun.org.apache.xerces.internal.parsers.AbstractSAXParser.endElement(AbstractSAXParser.java:609)\r\n	at com.sun.org.apache.xerces.internal.impl.XMLDocumentFragmentScannerImpl.scanEndElement(XMLDocumentFragmentScannerImpl.java:1782)\r\n	at com.sun.org.apache.xerces.internal.impl.XMLDocumentFragmentScannerImpl$FragmentContentDriver.next(XMLDocumentFragmentScannerImpl.java:2973)\r\n	at com.sun.org.apache.xerces.internal.impl.XMLDocumentScannerImpl.next(XMLDocumentScannerImpl.java:606)\r\n	at com.sun.org.apache.xerces.internal.impl.XMLNSDocumentScannerImpl.next(XMLNSDocumentScannerImpl.java:117)\r\n	at com.sun.org.apache.xerces.internal.impl.XMLDocumentFragmentScannerImpl.scanDocument(XMLDocumentFragmentScannerImpl.java:510)\r\n	at com.sun.org.apache.xerces.internal.parsers.XML11Configuration.parse(XML11Configuration.java:848)\r\n	at com.sun.org.apache.xerces.internal.parsers.XML11Configuration.parse(XML11Configuration.java:777)\r\n	at com.sun.org.apache.xerces.internal.parsers.XMLParser.parse(XMLParser.java:141)\r\n	at com.sun.org.apache.xerces.internal.parsers.AbstractSAXParser.parse(AbstractSAXParser.java:1213)\r\n	at com.sun.org.apache.xerces.internal.jaxp.SAXParserImpl$JAXPSAXParser.parse(SAXParserImpl.java:648)\r\n	at com.sun.org.apache.xerces.internal.jaxp.SAXParserImpl.parse(SAXParserImpl.java:332)\r\n	at org.apache.axis.encoding.DeserializationContext.parse(DeserializationContext.java:227)\r\n	at org.apache.axis.SOAPPart.getAsSOAPEnvelope(SOAPPart.java:696)\r\n	at org.apache.axis.Message.getSOAPEnvelope(Message.java:435)\r\n	at org.apache.axis.handlers.soap.MustUnderstandChecker.invoke(MustUnderstandChecker.java:62)\r\n	at org.apache.axis.client.AxisClient.invoke(AxisClient.java:206)\r\n	at org.apache.axis.client.Call.invokeEngine(Call.java:2784)\r\n	at org.apache.axis.client.Call.invoke(Call.java:2767)\r\n	at org.apache.axis.client.Call.invoke(Call.java:2443)\r\n	at org.apache.axis.client.Call.invoke(Call.java:2366)\r\n	at org.apache.axis.client.Call.invoke(Call.java:1812)\r\n	at com.johnny.monitor.business.webservice.siebel.AccountWSPortStub.accountQueryPageMSO(AccountWSPortStub.java:228)\r\n	at com.johnny.monitor.business.service.MonitorSiebelWeb.execute(MonitorSiebelWeb.java:30)\r\n	at com.johnny.monitor.common.run.SystemMonitorThread$1.call(SystemMonitorThread.java:93)\r\n	at com.johnny.monitor.common.run.SystemMonitorThread$1.call(SystemMonitorThread.java:1)\r\n	at java.util.concurrent.FutureTask.run(FutureTask.java:262)\r\n	at java.util.concurrent.ThreadPoolExecutor.runWorker(ThreadPoolExecutor.java:1145)\r\n	at java.util.concurrent.ThreadPoolExecutor$Worker.run(ThreadPoolExecutor.java:615)\r\n	at java.lang.Thread.run(Thread.java:745)\r\n\n','2016-10-20 21:22:46',NULL,'201610294212242573'),(827,'3','25','错误','错误AxisFault\r\n faultCode: {http://schemas.xmlsoap.org/soap/envelope/}Server\r\n faultSubcode: \r\n faultString: 在业务服务\'AccountWS\'中没有为\'QueryPage\'方法提供必需的输入参数\'PageSize\'(SBL-DAT-00125)\r\n faultActor: \r\n faultNode: \r\n faultDetail: \r\n	{http://www.siebel.com/ws/fault}siebdetail:<siebelf:logfilename>EAIObjMgr_chs_0023_24117678.log</siebelf:logfilename><siebelf:errorstack><siebelf:error><siebelf:errorcode>SBL-DAT-00125</siebelf:errorcode><siebelf:errorsymbol/><siebelf:errormsg>在业务服务\'AccountWS\'中没有为\'QueryPage\'方法提供必需的输入参数\'PageSize\'(SBL-DAT-00125)</siebelf:errormsg></siebelf:error></siebelf:errorstack>\r\n\r\n在业务服务\'AccountWS\'中没有为\'QueryPage\'方法提供必需的输入参数\'PageSize\'(SBL-DAT-00125)\r\n	at org.apache.axis.message.SOAPFaultBuilder.createFault(SOAPFaultBuilder.java:222)\r\n	at org.apache.axis.message.SOAPFaultBuilder.endElement(SOAPFaultBuilder.java:129)\r\n	at org.apache.axis.encoding.DeserializationContext.endElement(DeserializationContext.java:1087)\r\n	at com.sun.org.apache.xerces.internal.parsers.AbstractSAXParser.endElement(AbstractSAXParser.java:609)\r\n	at com.sun.org.apache.xerces.internal.impl.XMLDocumentFragmentScannerImpl.scanEndElement(XMLDocumentFragmentScannerImpl.java:1782)\r\n	at com.sun.org.apache.xerces.internal.impl.XMLDocumentFragmentScannerImpl$FragmentContentDriver.next(XMLDocumentFragmentScannerImpl.java:2973)\r\n	at com.sun.org.apache.xerces.internal.impl.XMLDocumentScannerImpl.next(XMLDocumentScannerImpl.java:606)\r\n	at com.sun.org.apache.xerces.internal.impl.XMLNSDocumentScannerImpl.next(XMLNSDocumentScannerImpl.java:117)\r\n	at com.sun.org.apache.xerces.internal.impl.XMLDocumentFragmentScannerImpl.scanDocument(XMLDocumentFragmentScannerImpl.java:510)\r\n	at com.sun.org.apache.xerces.internal.parsers.XML11Configuration.parse(XML11Configuration.java:848)\r\n	at com.sun.org.apache.xerces.internal.parsers.XML11Configuration.parse(XML11Configuration.java:777)\r\n	at com.sun.org.apache.xerces.internal.parsers.XMLParser.parse(XMLParser.java:141)\r\n	at com.sun.org.apache.xerces.internal.parsers.AbstractSAXParser.parse(AbstractSAXParser.java:1213)\r\n	at com.sun.org.apache.xerces.internal.jaxp.SAXParserImpl$JAXPSAXParser.parse(SAXParserImpl.java:648)\r\n	at com.sun.org.apache.xerces.internal.jaxp.SAXParserImpl.parse(SAXParserImpl.java:332)\r\n	at org.apache.axis.encoding.DeserializationContext.parse(DeserializationContext.java:227)\r\n	at org.apache.axis.SOAPPart.getAsSOAPEnvelope(SOAPPart.java:696)\r\n	at org.apache.axis.Message.getSOAPEnvelope(Message.java:435)\r\n	at org.apache.axis.handlers.soap.MustUnderstandChecker.invoke(MustUnderstandChecker.java:62)\r\n	at org.apache.axis.client.AxisClient.invoke(AxisClient.java:206)\r\n	at org.apache.axis.client.Call.invokeEngine(Call.java:2784)\r\n	at org.apache.axis.client.Call.invoke(Call.java:2767)\r\n	at org.apache.axis.client.Call.invoke(Call.java:2443)\r\n	at org.apache.axis.client.Call.invoke(Call.java:2366)\r\n	at org.apache.axis.client.Call.invoke(Call.java:1812)\r\n	at com.johnny.monitor.business.webservice.siebel.AccountWSPortStub.accountQueryPageMSO(AccountWSPortStub.java:228)\r\n	at com.johnny.monitor.business.service.MonitorSiebelWeb.execute(MonitorSiebelWeb.java:30)\r\n	at com.johnny.monitor.common.run.SystemMonitorThread$1.call(SystemMonitorThread.java:93)\r\n	at com.johnny.monitor.common.run.SystemMonitorThread$1.call(SystemMonitorThread.java:1)\r\n	at java.util.concurrent.FutureTask.run(FutureTask.java:262)\r\n	at java.util.concurrent.ThreadPoolExecutor.runWorker(ThreadPoolExecutor.java:1145)\r\n	at java.util.concurrent.ThreadPoolExecutor$Worker.run(ThreadPoolExecutor.java:615)\r\n	at java.lang.Thread.run(Thread.java:745)\r\n\n','2016-10-20 21:22:46',NULL,'201610294212242573'),(828,'3','26','错误','错误AxisFault\r\n faultCode: {http://schemas.xmlsoap.org/soap/envelope/}Server\r\n faultSubcode: \r\n faultString: 在业务服务\'AccountWS\'中没有为\'QueryPage\'方法提供必需的输入参数\'PageSize\'(SBL-DAT-00125)\r\n faultActor: \r\n faultNode: \r\n faultDetail: \r\n	{http://www.siebel.com/ws/fault}siebdetail:<siebelf:logfilename>EAIObjMgr_chs_0023_24117786.log</siebelf:logfilename><siebelf:errorstack><siebelf:error><siebelf:errorcode>SBL-DAT-00125</siebelf:errorcode><siebelf:errorsymbol/><siebelf:errormsg>在业务服务\'AccountWS\'中没有为\'QueryPage\'方法提供必需的输入参数\'PageSize\'(SBL-DAT-00125)</siebelf:errormsg></siebelf:error></siebelf:errorstack>\r\n\r\n在业务服务\'AccountWS\'中没有为\'QueryPage\'方法提供必需的输入参数\'PageSize\'(SBL-DAT-00125)\r\n	at org.apache.axis.message.SOAPFaultBuilder.createFault(SOAPFaultBuilder.java:222)\r\n	at org.apache.axis.message.SOAPFaultBuilder.endElement(SOAPFaultBuilder.java:129)\r\n	at org.apache.axis.encoding.DeserializationContext.endElement(DeserializationContext.java:1087)\r\n	at com.sun.org.apache.xerces.internal.parsers.AbstractSAXParser.endElement(AbstractSAXParser.java:609)\r\n	at com.sun.org.apache.xerces.internal.impl.XMLDocumentFragmentScannerImpl.scanEndElement(XMLDocumentFragmentScannerImpl.java:1782)\r\n	at com.sun.org.apache.xerces.internal.impl.XMLDocumentFragmentScannerImpl$FragmentContentDriver.next(XMLDocumentFragmentScannerImpl.java:2973)\r\n	at com.sun.org.apache.xerces.internal.impl.XMLDocumentScannerImpl.next(XMLDocumentScannerImpl.java:606)\r\n	at com.sun.org.apache.xerces.internal.impl.XMLNSDocumentScannerImpl.next(XMLNSDocumentScannerImpl.java:117)\r\n	at com.sun.org.apache.xerces.internal.impl.XMLDocumentFragmentScannerImpl.scanDocument(XMLDocumentFragmentScannerImpl.java:510)\r\n	at com.sun.org.apache.xerces.internal.parsers.XML11Configuration.parse(XML11Configuration.java:848)\r\n	at com.sun.org.apache.xerces.internal.parsers.XML11Configuration.parse(XML11Configuration.java:777)\r\n	at com.sun.org.apache.xerces.internal.parsers.XMLParser.parse(XMLParser.java:141)\r\n	at com.sun.org.apache.xerces.internal.parsers.AbstractSAXParser.parse(AbstractSAXParser.java:1213)\r\n	at com.sun.org.apache.xerces.internal.jaxp.SAXParserImpl$JAXPSAXParser.parse(SAXParserImpl.java:648)\r\n	at com.sun.org.apache.xerces.internal.jaxp.SAXParserImpl.parse(SAXParserImpl.java:332)\r\n	at org.apache.axis.encoding.DeserializationContext.parse(DeserializationContext.java:227)\r\n	at org.apache.axis.SOAPPart.getAsSOAPEnvelope(SOAPPart.java:696)\r\n	at org.apache.axis.Message.getSOAPEnvelope(Message.java:435)\r\n	at org.apache.axis.handlers.soap.MustUnderstandChecker.invoke(MustUnderstandChecker.java:62)\r\n	at org.apache.axis.client.AxisClient.invoke(AxisClient.java:206)\r\n	at org.apache.axis.client.Call.invokeEngine(Call.java:2784)\r\n	at org.apache.axis.client.Call.invoke(Call.java:2767)\r\n	at org.apache.axis.client.Call.invoke(Call.java:2443)\r\n	at org.apache.axis.client.Call.invoke(Call.java:2366)\r\n	at org.apache.axis.client.Call.invoke(Call.java:1812)\r\n	at com.johnny.monitor.business.webservice.siebel.AccountWSPortStub.accountQueryPageMSO(AccountWSPortStub.java:228)\r\n	at com.johnny.monitor.business.service.MonitorSiebelWeb.execute(MonitorSiebelWeb.java:30)\r\n	at com.johnny.monitor.common.run.SystemMonitorThread$1.call(SystemMonitorThread.java:93)\r\n	at com.johnny.monitor.common.run.SystemMonitorThread$1.call(SystemMonitorThread.java:1)\r\n	at java.util.concurrent.FutureTask.run(FutureTask.java:262)\r\n	at java.util.concurrent.ThreadPoolExecutor.runWorker(ThreadPoolExecutor.java:1145)\r\n	at java.util.concurrent.ThreadPoolExecutor$Worker.run(ThreadPoolExecutor.java:615)\r\n	at java.lang.Thread.run(Thread.java:745)\r\n\n','2016-10-20 21:22:46',NULL,'201610294212242573'),(829,'3','27','错误','错误AxisFault\r\n faultCode: {http://schemas.xmlsoap.org/soap/envelope/}Server\r\n faultSubcode: \r\n faultString: 在业务服务\'AccountWS\'中没有为\'QueryPage\'方法提供必需的输入参数\'PageSize\'(SBL-DAT-00125)\r\n faultActor: \r\n faultNode: \r\n faultDetail: \r\n	{http://www.siebel.com/ws/fault}siebdetail:<siebelf:logfilename>EAIObjMgr_chs_0023_24117603.log</siebelf:logfilename><siebelf:errorstack><siebelf:error><siebelf:errorcode>SBL-DAT-00125</siebelf:errorcode><siebelf:errorsymbol/><siebelf:errormsg>在业务服务\'AccountWS\'中没有为\'QueryPage\'方法提供必需的输入参数\'PageSize\'(SBL-DAT-00125)</siebelf:errormsg></siebelf:error></siebelf:errorstack>\r\n\r\n在业务服务\'AccountWS\'中没有为\'QueryPage\'方法提供必需的输入参数\'PageSize\'(SBL-DAT-00125)\r\n	at org.apache.axis.message.SOAPFaultBuilder.createFault(SOAPFaultBuilder.java:222)\r\n	at org.apache.axis.message.SOAPFaultBuilder.endElement(SOAPFaultBuilder.java:129)\r\n	at org.apache.axis.encoding.DeserializationContext.endElement(DeserializationContext.java:1087)\r\n	at com.sun.org.apache.xerces.internal.parsers.AbstractSAXParser.endElement(AbstractSAXParser.java:609)\r\n	at com.sun.org.apache.xerces.internal.impl.XMLDocumentFragmentScannerImpl.scanEndElement(XMLDocumentFragmentScannerImpl.java:1782)\r\n	at com.sun.org.apache.xerces.internal.impl.XMLDocumentFragmentScannerImpl$FragmentContentDriver.next(XMLDocumentFragmentScannerImpl.java:2973)\r\n	at com.sun.org.apache.xerces.internal.impl.XMLDocumentScannerImpl.next(XMLDocumentScannerImpl.java:606)\r\n	at com.sun.org.apache.xerces.internal.impl.XMLNSDocumentScannerImpl.next(XMLNSDocumentScannerImpl.java:117)\r\n	at com.sun.org.apache.xerces.internal.impl.XMLDocumentFragmentScannerImpl.scanDocument(XMLDocumentFragmentScannerImpl.java:510)\r\n	at com.sun.org.apache.xerces.internal.parsers.XML11Configuration.parse(XML11Configuration.java:848)\r\n	at com.sun.org.apache.xerces.internal.parsers.XML11Configuration.parse(XML11Configuration.java:777)\r\n	at com.sun.org.apache.xerces.internal.parsers.XMLParser.parse(XMLParser.java:141)\r\n	at com.sun.org.apache.xerces.internal.parsers.AbstractSAXParser.parse(AbstractSAXParser.java:1213)\r\n	at com.sun.org.apache.xerces.internal.jaxp.SAXParserImpl$JAXPSAXParser.parse(SAXParserImpl.java:648)\r\n	at com.sun.org.apache.xerces.internal.jaxp.SAXParserImpl.parse(SAXParserImpl.java:332)\r\n	at org.apache.axis.encoding.DeserializationContext.parse(DeserializationContext.java:227)\r\n	at org.apache.axis.SOAPPart.getAsSOAPEnvelope(SOAPPart.java:696)\r\n	at org.apache.axis.Message.getSOAPEnvelope(Message.java:435)\r\n	at org.apache.axis.handlers.soap.MustUnderstandChecker.invoke(MustUnderstandChecker.java:62)\r\n	at org.apache.axis.client.AxisClient.invoke(AxisClient.java:206)\r\n	at org.apache.axis.client.Call.invokeEngine(Call.java:2784)\r\n	at org.apache.axis.client.Call.invoke(Call.java:2767)\r\n	at org.apache.axis.client.Call.invoke(Call.java:2443)\r\n	at org.apache.axis.client.Call.invoke(Call.java:2366)\r\n	at org.apache.axis.client.Call.invoke(Call.java:1812)\r\n	at com.johnny.monitor.business.webservice.siebel.AccountWSPortStub.accountQueryPageMSO(AccountWSPortStub.java:228)\r\n	at com.johnny.monitor.business.service.MonitorSiebelWeb.execute(MonitorSiebelWeb.java:30)\r\n	at com.johnny.monitor.common.run.SystemMonitorThread$1.call(SystemMonitorThread.java:93)\r\n	at com.johnny.monitor.common.run.SystemMonitorThread$1.call(SystemMonitorThread.java:1)\r\n	at java.util.concurrent.FutureTask.run(FutureTask.java:262)\r\n	at java.util.concurrent.ThreadPoolExecutor.runWorker(ThreadPoolExecutor.java:1145)\r\n	at java.util.concurrent.ThreadPoolExecutor$Worker.run(ThreadPoolExecutor.java:615)\r\n	at java.lang.Thread.run(Thread.java:745)\r\n\n','2016-10-20 21:22:46',NULL,'201610294212242573'),(830,'4','28','正常','','2016-10-20 21:22:46',NULL,'201610294212242573'),(831,'4','29','正常','','2016-10-20 21:22:46',NULL,'201610294212242573'),(832,'4','30','正常','','2016-10-20 21:22:53',NULL,'201610294212242573'),(833,'4','31','暂不监控','','2016-10-20 21:22:53',NULL,'201610294212242573'),(834,'4','32','正常','','2016-10-20 21:22:53',NULL,'201610294212242573'),(835,'4','33','正常','','2016-10-20 21:22:53',NULL,'201610294212242573'),(836,'4','34','正常','','2016-10-20 21:22:54',NULL,'201610294212242573'),(837,'4','35','正常','','2016-10-20 21:22:54',NULL,'201610294212242573'),(838,'4','36','正常','','2016-10-20 21:22:54',NULL,'201610294212242573'),(839,'4','37','正常','','2016-10-20 21:22:54',NULL,'201610294212242573'),(840,'4','38','正常','','2016-10-20 21:22:54',NULL,'201610294212242573'),(841,'5','39','正常','','2016-10-20 21:22:54',NULL,'201610294212242573'),(842,'6','45','正常','','2016-10-20 21:22:54',NULL,'201610294212242573'),(843,'6','46','正常','','2016-10-20 21:22:55',NULL,'201610294212242573'),(844,'6','47','暂不监控','','2016-10-20 21:22:55',NULL,'201610294212242573'),(845,'7','40','正常','','2016-10-20 21:22:55',NULL,'201610294212242573'),(846,'7','41','正常','','2016-10-20 21:22:55',NULL,'201610294212242573'),(847,'7','42','正常','','2016-10-20 21:22:55',NULL,'201610294212242573'),(848,'7','43','暂不监控','','2016-10-20 21:22:55',NULL,'201610294212242573'),(849,'7','44','暂不监控','','2016-10-20 21:22:55',NULL,'201610294212242573'),(850,'8','48','正常','','2016-10-20 21:22:56',NULL,'201610294212242573'),(851,'8','49','正常','','2016-10-20 21:22:56',NULL,'201610294212242573'),(852,'8','50','暂不监控','','2016-10-20 21:22:56',NULL,'201610294212242573'),(853,'1','1','正常','','2016-10-20 21:23:29',NULL,'201610294212328970'),(854,'1','2','正常','','2016-10-20 21:23:29',NULL,'201610294212328970'),(855,'1','3','正常','','2016-10-20 21:23:29',NULL,'201610294212328970'),(856,'1','4','正常','','2016-10-20 21:23:29',NULL,'201610294212328970'),(857,'1','5','正常','','2016-10-20 21:23:29',NULL,'201610294212328970'),(858,'1','6','正常','','2016-10-20 21:23:29',NULL,'201610294212328970'),(859,'1','7','正常','','2016-10-20 21:23:30',NULL,'201610294212328970'),(860,'1','8','正常','','2016-10-20 21:23:30',NULL,'201610294212328970'),(861,'1','9','正常','','2016-10-20 21:23:30',NULL,'201610294212328970'),(862,'1','10','正常','','2016-10-20 21:23:30',NULL,'201610294212328970'),(863,'2','11','正常','','2016-10-20 21:23:30',NULL,'201610294212328970'),(864,'2','12','正常','','2016-10-20 21:23:30',NULL,'201610294212328970'),(865,'2','13','正常','','2016-10-20 21:23:30',NULL,'201610294212328970'),(866,'2','14','错误','错误ERROR:Tomcat服务器无法访问！org.apache.http.conn.HttpHostConnectException: Connect to 10.3.64.180:8088 [/10.3.64.180] failed: Connection refused: connect\r\n	at org.apache.http.impl.conn.DefaultHttpClientConnectionOperator.connect(DefaultHttpClientConnectionOperator.java:158)\r\n	at org.apache.http.impl.conn.PoolingHttpClientConnectionManager.connect(PoolingHttpClientConnectionManager.java:353)\r\n	at org.apache.http.impl.execchain.MainClientExec.establishRoute(MainClientExec.java:380)\r\n	at org.apache.http.impl.execchain.MainClientExec.execute(MainClientExec.java:236)\r\n	at org.apache.http.impl.execchain.ProtocolExec.execute(ProtocolExec.java:184)\r\n	at org.apache.http.impl.execchain.RetryExec.execute(RetryExec.java:88)\r\n	at org.apache.http.impl.execchain.RedirectExec.execute(RedirectExec.java:110)\r\n	at org.apache.http.impl.client.InternalHttpClient.doExecute(InternalHttpClient.java:184)\r\n	at org.apache.http.impl.client.CloseableHttpClient.execute(CloseableHttpClient.java:82)\r\n	at org.apache.http.impl.client.CloseableHttpClient.execute(CloseableHttpClient.java:107)\r\n	at com.johnny.common.util.HttpClientUtil.sendHttpPost(HttpClientUtil.java:162)\r\n	at com.johnny.common.util.HttpClientUtil.sendHttpPostJson(HttpClientUtil.java:121)\r\n	at com.johnny.monitor.business.service.MonitorService.HttpPost(MonitorService.java:34)\r\n	at com.johnny.monitor.business.service.MonitorTomcatServer.execute(MonitorTomcatServer.java:24)\r\n	at com.johnny.monitor.common.run.SystemMonitorThread$1.call(SystemMonitorThread.java:93)\r\n	at com.johnny.monitor.common.run.SystemMonitorThread$1.call(SystemMonitorThread.java:1)\r\n	at java.util.concurrent.FutureTask.run(FutureTask.java:262)\r\n	at java.util.concurrent.ThreadPoolExecutor.runWorker(ThreadPoolExecutor.java:1145)\r\n	at java.util.concurrent.ThreadPoolExecutor$Worker.run(ThreadPoolExecutor.java:615)\r\n	at java.lang.Thread.run(Thread.java:745)\r\nCaused by: java.net.ConnectException: Connection refused: connect\r\n	at java.net.DualStackPlainSocketImpl.waitForConnect(Native Method)\r\n	at java.net.DualStackPlainSocketImpl.socketConnect(DualStackPlainSocketImpl.java:85)\r\n	at java.net.AbstractPlainSocketImpl.doConnect(AbstractPlainSocketImpl.java:339)\r\n	at java.net.AbstractPlainSocketImpl.connectToAddress(AbstractPlainSocketImpl.java:200)\r\n	at java.net.AbstractPlainSocketImpl.connect(AbstractPlainSocketImpl.java:182)\r\n	at java.net.PlainSocketImpl.connect(PlainSocketImpl.java:172)\r\n	at java.net.SocksSocketImpl.connect(SocksSocketImpl.java:392)\r\n	at java.net.Socket.connect(Socket.java:579)\r\n	at org.apache.http.conn.socket.PlainConnectionSocketFactory.connectSocket(PlainConnectionSocketFactory.java:74)\r\n	at org.apache.http.impl.conn.DefaultHttpClientConnectionOperator.connect(DefaultHttpClientConnectionOperator.java:141)\r\n	... 19 more\r\n\n','2016-10-20 21:23:31',NULL,'201610294212328970'),(867,'2','15','正常','','2016-10-20 21:23:31',NULL,'201610294212328970'),(868,'2','16','正常','','2016-10-20 21:23:31',NULL,'201610294212328970'),(869,'2','17','正常','','2016-10-20 21:23:31',NULL,'201610294212328970'),(870,'2','18','正常','','2016-10-20 21:23:31',NULL,'201610294212328970'),(871,'3','20','正常','','2016-10-20 21:23:31',NULL,'201610294212328970'),(872,'3','21','正常','','2016-10-20 21:23:32',NULL,'201610294212328970'),(873,'3','22','正常','','2016-10-20 21:23:32',NULL,'201610294212328970'),(874,'3','23','错误','错误ERROR:Siebel 应用服务器无法访问！AxisFault\r\n faultCode: {http://xml.apache.org/axis/}HTTP\r\n faultSubcode: \r\n faultString: (500)Internal Server Error\r\n faultActor: \r\n faultNode: \r\n faultDetail: \r\n	{}:return code:  500\n&lt;html&gt;&lt;head&gt;&lt;title&gt;Message:&lt;/title&gt;&lt;/head&gt;\r\n&lt;body&gt;&lt;h1&gt;消息：&lt;/h1&gt;\r\n&lt;p&gt;试图处理请求时出现错误。该错误表示该服务器的配置有问题，应向网站管理员报告（并附下面列出的所有错误）。我们对因此造成的不便表示歉意&lt;/p&gt;\r\n&lt;p&gt;错误：&lt;ol&gt;&lt;li&gt;尝试连接到 %1 时登录失败&lt;/ol&gt;&lt;/p&gt;\r\n&lt;/body&gt;&lt;/html&gt;\r\n	{http://xml.apache.org/axis/}HttpErrorCode:500\r\n\r\n(500)Internal Server Error\r\n	at org.apache.axis.transport.http.HTTPSender.readFromSocket(HTTPSender.java:744)\r\n	at org.apache.axis.transport.http.HTTPSender.invoke(HTTPSender.java:144)\r\n	at org.apache.axis.strategies.InvocationStrategy.visit(InvocationStrategy.java:32)\r\n	at org.apache.axis.SimpleChain.doVisiting(SimpleChain.java:118)\r\n	at org.apache.axis.SimpleChain.invoke(SimpleChain.java:83)\r\n	at org.apache.axis.client.AxisClient.invoke(AxisClient.java:165)\r\n	at org.apache.axis.client.Call.invokeEngine(Call.java:2784)\r\n	at org.apache.axis.client.Call.invoke(Call.java:2767)\r\n	at org.apache.axis.client.Call.invoke(Call.java:2443)\r\n	at org.apache.axis.client.Call.invoke(Call.java:2366)\r\n	at org.apache.axis.client.Call.invoke(Call.java:1812)\r\n	at com.johnny.monitor.business.webservice.siebel.AccountWSPortStub.accountQueryPageMSO(AccountWSPortStub.java:228)\r\n	at com.johnny.monitor.business.service.MonitorSiebelWeb.execute(MonitorSiebelWeb.java:30)\r\n	at com.johnny.monitor.common.run.SystemMonitorThread$1.call(SystemMonitorThread.java:93)\r\n	at com.johnny.monitor.common.run.SystemMonitorThread$1.call(SystemMonitorThread.java:1)\r\n	at java.util.concurrent.FutureTask.run(FutureTask.java:262)\r\n	at java.util.concurrent.ThreadPoolExecutor.runWorker(ThreadPoolExecutor.java:1145)\r\n	at java.util.concurrent.ThreadPoolExecutor$Worker.run(ThreadPoolExecutor.java:615)\r\n	at java.lang.Thread.run(Thread.java:745)\r\n\n','2016-10-20 21:23:32',NULL,'201610294212328970'),(875,'3','24','正常','','2016-10-20 21:23:32',NULL,'201610294212328970'),(876,'3','25','正常','','2016-10-20 21:23:32',NULL,'201610294212328970'),(877,'3','26','正常','','2016-10-20 21:23:32',NULL,'201610294212328970'),(878,'3','27','正常','','2016-10-20 21:23:32',NULL,'201610294212328970'),(879,'4','28','正常','','2016-10-20 21:23:32',NULL,'201610294212328970'),(880,'4','29','正常','','2016-10-20 21:23:32',NULL,'201610294212328970'),(881,'4','30','正常','','2016-10-20 21:23:41',NULL,'201610294212328970'),(882,'4','31','暂不监控','','2016-10-20 21:23:41',NULL,'201610294212328970'),(883,'4','32','正常','','2016-10-20 21:23:41',NULL,'201610294212328970'),(884,'4','33','正常','','2016-10-20 21:23:41',NULL,'201610294212328970'),(885,'4','34','正常','','2016-10-20 21:23:41',NULL,'201610294212328970'),(886,'4','35','正常','','2016-10-20 21:23:41',NULL,'201610294212328970'),(887,'4','36','正常','','2016-10-20 21:23:41',NULL,'201610294212328970'),(888,'4','37','正常','','2016-10-20 21:23:41',NULL,'201610294212328970'),(889,'4','38','正常','','2016-10-20 21:23:42',NULL,'201610294212328970'),(890,'5','39','正常','','2016-10-20 21:23:42',NULL,'201610294212328970'),(891,'6','45','正常','','2016-10-20 21:23:42',NULL,'201610294212328970'),(892,'6','46','正常','','2016-10-20 21:23:42',NULL,'201610294212328970'),(893,'6','47','暂不监控','','2016-10-20 21:23:42',NULL,'201610294212328970'),(894,'7','40','正常','','2016-10-20 21:23:42',NULL,'201610294212328970'),(895,'7','41','正常','','2016-10-20 21:23:43',NULL,'201610294212328970'),(896,'7','42','正常','','2016-10-20 21:23:43',NULL,'201610294212328970'),(897,'7','43','暂不监控','','2016-10-20 21:23:43',NULL,'201610294212328970'),(898,'7','44','暂不监控','','2016-10-20 21:23:43',NULL,'201610294212328970'),(899,'8','48','正常','','2016-10-20 21:23:43',NULL,'201610294212328970'),(900,'8','49','正常','','2016-10-20 21:23:44',NULL,'201610294212328970'),(901,'8','50','暂不监控','','2016-10-20 21:23:44',NULL,'201610294212328970'),(902,'1','1','正常','','2016-10-20 21:32:26',NULL,'201610294213226188'),(903,'1','2','正常','','2016-10-20 21:32:27',NULL,'201610294213226188'),(904,'1','3','正常','','2016-10-20 21:32:27',NULL,'201610294213226188'),(905,'1','4','正常','','2016-10-20 21:32:27',NULL,'201610294213226188'),(906,'1','5','正常','','2016-10-20 21:32:27',NULL,'201610294213226188'),(907,'1','6','正常','','2016-10-20 21:32:27',NULL,'201610294213226188'),(908,'1','7','正常','','2016-10-20 21:32:27',NULL,'201610294213226188'),(909,'1','8','正常','','2016-10-20 21:32:27',NULL,'201610294213226188'),(910,'1','9','正常','','2016-10-20 21:32:27',NULL,'201610294213226188'),(911,'1','10','正常','','2016-10-20 21:32:27',NULL,'201610294213226188'),(912,'2','11','正常','','2016-10-20 21:32:27',NULL,'201610294213226188'),(913,'2','12','正常','','2016-10-20 21:32:27',NULL,'201610294213226188'),(914,'2','13','正常','','2016-10-20 21:32:27',NULL,'201610294213226188'),(915,'2','14','错误','错误ERROR:Tomcat服务器无法访问！org.apache.http.conn.HttpHostConnectException: Connect to 10.3.64.180:8088 [/10.3.64.180] failed: Connection refused: connect\r\n	at org.apache.http.impl.conn.DefaultHttpClientConnectionOperator.connect(DefaultHttpClientConnectionOperator.java:158)\r\n	at org.apache.http.impl.conn.PoolingHttpClientConnectionManager.connect(PoolingHttpClientConnectionManager.java:353)\r\n	at org.apache.http.impl.execchain.MainClientExec.establishRoute(MainClientExec.java:380)\r\n	at org.apache.http.impl.execchain.MainClientExec.execute(MainClientExec.java:236)\r\n	at org.apache.http.impl.execchain.ProtocolExec.execute(ProtocolExec.java:184)\r\n	at org.apache.http.impl.execchain.RetryExec.execute(RetryExec.java:88)\r\n	at org.apache.http.impl.execchain.RedirectExec.execute(RedirectExec.java:110)\r\n	at org.apache.http.impl.client.InternalHttpClient.doExecute(InternalHttpClient.java:184)\r\n	at org.apache.http.impl.client.CloseableHttpClient.execute(CloseableHttpClient.java:82)\r\n	at org.apache.http.impl.client.CloseableHttpClient.execute(CloseableHttpClient.java:107)\r\n	at com.johnny.common.util.HttpClientUtil.sendHttpPost(HttpClientUtil.java:162)\r\n	at com.johnny.common.util.HttpClientUtil.sendHttpPostJson(HttpClientUtil.java:121)\r\n	at com.johnny.monitor.business.service.MonitorService.HttpPost(MonitorService.java:34)\r\n	at com.johnny.monitor.business.service.MonitorTomcatServer.execute(MonitorTomcatServer.java:24)\r\n	at com.johnny.monitor.common.run.SystemMonitorThread$1.call(SystemMonitorThread.java:93)\r\n	at com.johnny.monitor.common.run.SystemMonitorThread$1.call(SystemMonitorThread.java:1)\r\n	at java.util.concurrent.FutureTask.run(FutureTask.java:262)\r\n	at java.util.concurrent.ThreadPoolExecutor.runWorker(ThreadPoolExecutor.java:1145)\r\n	at java.util.concurrent.ThreadPoolExecutor$Worker.run(ThreadPoolExecutor.java:615)\r\n	at java.lang.Thread.run(Thread.java:745)\r\nCaused by: java.net.ConnectException: Connection refused: connect\r\n	at java.net.DualStackPlainSocketImpl.waitForConnect(Native Method)\r\n	at java.net.DualStackPlainSocketImpl.socketConnect(DualStackPlainSocketImpl.java:85)\r\n	at java.net.AbstractPlainSocketImpl.doConnect(AbstractPlainSocketImpl.java:339)\r\n	at java.net.AbstractPlainSocketImpl.connectToAddress(AbstractPlainSocketImpl.java:200)\r\n	at java.net.AbstractPlainSocketImpl.connect(AbstractPlainSocketImpl.java:182)\r\n	at java.net.PlainSocketImpl.connect(PlainSocketImpl.java:172)\r\n	at java.net.SocksSocketImpl.connect(SocksSocketImpl.java:392)\r\n	at java.net.Socket.connect(Socket.java:579)\r\n	at org.apache.http.conn.socket.PlainConnectionSocketFactory.connectSocket(PlainConnectionSocketFactory.java:74)\r\n	at org.apache.http.impl.conn.DefaultHttpClientConnectionOperator.connect(DefaultHttpClientConnectionOperator.java:141)\r\n	... 19 more\r\n\n','2016-10-20 21:32:28',NULL,'201610294213226188'),(916,'2','15','正常','','2016-10-20 21:32:28',NULL,'201610294213226188'),(917,'2','16','正常','','2016-10-20 21:32:28',NULL,'201610294213226188'),(918,'2','17','正常','','2016-10-20 21:32:29',NULL,'201610294213226188'),(919,'2','18','正常','','2016-10-20 21:32:29',NULL,'201610294213226188'),(920,'3','20','正常','','2016-10-20 21:32:29',NULL,'201610294213226188'),(921,'3','21','正常','','2016-10-20 21:32:29',NULL,'201610294213226188'),(922,'3','22','正常','','2016-10-20 21:32:29',NULL,'201610294213226188'),(923,'3','23','错误','错误ERROR:Siebel 应用服务器无法访问！AxisFault\r\n faultCode: {http://xml.apache.org/axis/}HTTP\r\n faultSubcode: \r\n faultString: (500)Internal Server Error\r\n faultActor: \r\n faultNode: \r\n faultDetail: \r\n	{}:return code:  500\n&lt;html&gt;&lt;head&gt;&lt;title&gt;Message:&lt;/title&gt;&lt;/head&gt;\r\n&lt;body&gt;&lt;h1&gt;消息：&lt;/h1&gt;\r\n&lt;p&gt;试图处理请求时出现错误。该错误表示该服务器的配置有问题，应向网站管理员报告（并附下面列出的所有错误）。我们对因此造成的不便表示歉意&lt;/p&gt;\r\n&lt;p&gt;错误：&lt;ol&gt;&lt;li&gt;尝试连接到 %1 时登录失败&lt;/ol&gt;&lt;/p&gt;\r\n&lt;/body&gt;&lt;/html&gt;\r\n	{http://xml.apache.org/axis/}HttpErrorCode:500\r\n\r\n(500)Internal Server Error\r\n	at org.apache.axis.transport.http.HTTPSender.readFromSocket(HTTPSender.java:744)\r\n	at org.apache.axis.transport.http.HTTPSender.invoke(HTTPSender.java:144)\r\n	at org.apache.axis.strategies.InvocationStrategy.visit(InvocationStrategy.java:32)\r\n	at org.apache.axis.SimpleChain.doVisiting(SimpleChain.java:118)\r\n	at org.apache.axis.SimpleChain.invoke(SimpleChain.java:83)\r\n	at org.apache.axis.client.AxisClient.invoke(AxisClient.java:165)\r\n	at org.apache.axis.client.Call.invokeEngine(Call.java:2784)\r\n	at org.apache.axis.client.Call.invoke(Call.java:2767)\r\n	at org.apache.axis.client.Call.invoke(Call.java:2443)\r\n	at org.apache.axis.client.Call.invoke(Call.java:2366)\r\n	at org.apache.axis.client.Call.invoke(Call.java:1812)\r\n	at com.johnny.monitor.business.webservice.siebel.AccountWSPortStub.accountQueryPageMSO(AccountWSPortStub.java:228)\r\n	at com.johnny.monitor.business.service.MonitorSiebelWeb.execute(MonitorSiebelWeb.java:30)\r\n	at com.johnny.monitor.common.run.SystemMonitorThread$1.call(SystemMonitorThread.java:93)\r\n	at com.johnny.monitor.common.run.SystemMonitorThread$1.call(SystemMonitorThread.java:1)\r\n	at java.util.concurrent.FutureTask.run(FutureTask.java:262)\r\n	at java.util.concurrent.ThreadPoolExecutor.runWorker(ThreadPoolExecutor.java:1145)\r\n	at java.util.concurrent.ThreadPoolExecutor$Worker.run(ThreadPoolExecutor.java:615)\r\n	at java.lang.Thread.run(Thread.java:745)\r\n\n','2016-10-20 21:32:29',NULL,'201610294213226188'),(924,'3','24','正常','','2016-10-20 21:32:29',NULL,'201610294213226188'),(925,'3','25','正常','','2016-10-20 21:32:30',NULL,'201610294213226188'),(926,'3','26','正常','','2016-10-20 21:32:30',NULL,'201610294213226188'),(927,'3','27','正常','','2016-10-20 21:32:30',NULL,'201610294213226188'),(928,'4','28','正常','','2016-10-20 21:32:30',NULL,'201610294213226188'),(929,'4','29','正常','','2016-10-20 21:32:30',NULL,'201610294213226188'),(930,'4','30','正常','','2016-10-20 21:32:30',NULL,'201610294213226188'),(931,'4','31','暂不监控','','2016-10-20 21:32:30',NULL,'201610294213226188'),(932,'4','32','正常','','2016-10-20 21:32:30',NULL,'201610294213226188'),(933,'4','33','正常','','2016-10-20 21:32:30',NULL,'201610294213226188'),(934,'4','34','正常','','2016-10-20 21:32:30',NULL,'201610294213226188'),(935,'4','35','正常','','2016-10-20 21:32:30',NULL,'201610294213226188'),(936,'4','36','正常','','2016-10-20 21:32:31',NULL,'201610294213226188'),(937,'4','37','正常','','2016-10-20 21:32:31',NULL,'201610294213226188'),(938,'4','38','正常','','2016-10-20 21:32:31',NULL,'201610294213226188'),(939,'5','39','正常','','2016-10-20 21:32:31',NULL,'201610294213226188'),(940,'6','45','正常','','2016-10-20 21:32:31',NULL,'201610294213226188'),(941,'6','46','正常','','2016-10-20 21:32:31',NULL,'201610294213226188'),(942,'6','47','暂不监控','','2016-10-20 21:32:31',NULL,'201610294213226188'),(943,'7','40','正常','','2016-10-20 21:32:32',NULL,'201610294213226188'),(944,'7','41','正常','','2016-10-20 21:32:32',NULL,'201610294213226188'),(945,'7','42','正常','','2016-10-20 21:32:32',NULL,'201610294213226188'),(946,'7','43','暂不监控','','2016-10-20 21:32:32',NULL,'201610294213226188'),(947,'7','44','暂不监控','','2016-10-20 21:32:32',NULL,'201610294213226188'),(948,'8','48','正常','','2016-10-20 21:32:32',NULL,'201610294213226188'),(949,'8','49','正常','','2016-10-20 21:32:33',NULL,'201610294213226188'),(950,'8','50','暂不监控','','2016-10-20 21:32:33',NULL,'201610294213226188'),(951,'1','1','正常','','2016-10-21 15:11:48',NULL,'201610295151147917'),(952,'1','2','正常','','2016-10-21 15:11:48',NULL,'201610295151147917'),(953,'1','3','正常','','2016-10-21 15:11:48',NULL,'201610295151147917'),(954,'1','4','正常','','2016-10-21 15:11:49',NULL,'201610295151147917'),(955,'1','5','正常','','2016-10-21 15:11:49',NULL,'201610295151147917'),(956,'1','6','正常','','2016-10-21 15:11:49',NULL,'201610295151147917'),(957,'1','7','正常','','2016-10-21 15:11:49',NULL,'201610295151147917'),(958,'1','8','正常','','2016-10-21 15:11:49',NULL,'201610295151147917'),(959,'1','9','正常','','2016-10-21 15:11:49',NULL,'201610295151147917'),(960,'1','10','正常','','2016-10-21 15:11:49',NULL,'201610295151147917'),(961,'2','11','正常','','2016-10-21 15:11:49',NULL,'201610295151147917'),(962,'2','12','正常','','2016-10-21 15:11:49',NULL,'201610295151147917'),(963,'2','13','正常','','2016-10-21 15:11:49',NULL,'201610295151147917'),(964,'2','14','正常','','2016-10-21 15:11:50',NULL,'201610295151147917'),(965,'2','15','正常','','2016-10-21 15:11:50',NULL,'201610295151147917'),(966,'2','16','正常','','2016-10-21 15:11:50',NULL,'201610295151147917'),(967,'2','17','正常','','2016-10-21 15:11:50',NULL,'201610295151147917'),(968,'2','18','正常','','2016-10-21 15:11:50',NULL,'201610295151147917'),(969,'3','20','正常','','2016-10-21 15:11:50',NULL,'201610295151147917'),(970,'3','21','正常','','2016-10-21 15:11:50',NULL,'201610295151147917'),(971,'3','22','正常','','2016-10-21 15:11:50',NULL,'201610295151147917'),(972,'3','23','正常','','2016-10-21 15:11:51',NULL,'201610295151147917'),(973,'3','24','正常','','2016-10-21 15:11:51',NULL,'201610295151147917'),(974,'3','25','正常','','2016-10-21 15:11:51',NULL,'201610295151147917'),(975,'3','26','正常','','2016-10-21 15:11:51',NULL,'201610295151147917'),(976,'3','27','正常','','2016-10-21 15:11:52',NULL,'201610295151147917'),(977,'4','28','正常','','2016-10-21 15:11:52',NULL,'201610295151147917'),(978,'4','29','正常','','2016-10-21 15:11:52',NULL,'201610295151147917'),(979,'4','30','正常','','2016-10-21 15:11:52',NULL,'201610295151147917'),(980,'4','31','暂不监控','','2016-10-21 15:11:52',NULL,'201610295151147917'),(981,'4','32','正常','','2016-10-21 15:11:52',NULL,'201610295151147917'),(982,'4','33','正常','','2016-10-21 15:11:52',NULL,'201610295151147917'),(983,'4','34','正常','','2016-10-21 15:11:52',NULL,'201610295151147917'),(984,'4','35','正常','','2016-10-21 15:11:52',NULL,'201610295151147917'),(985,'4','36','正常','','2016-10-21 15:11:52',NULL,'201610295151147917'),(986,'4','37','正常','','2016-10-21 15:11:52',NULL,'201610295151147917'),(987,'4','38','正常','','2016-10-21 15:11:52',NULL,'201610295151147917'),(988,'5','39','正常','','2016-10-21 15:11:52',NULL,'201610295151147917'),(989,'6','45','正常','','2016-10-21 15:11:52',NULL,'201610295151147917'),(990,'6','46','正常','','2016-10-21 15:11:53',NULL,'201610295151147917'),(991,'6','47','暂不监控','','2016-10-21 15:11:53',NULL,'201610295151147917'),(992,'7','40','正常','','2016-10-21 15:11:53',NULL,'201610295151147917'),(993,'7','41','正常','','2016-10-21 15:11:54',NULL,'201610295151147917'),(994,'7','42','正常','','2016-10-21 15:11:54',NULL,'201610295151147917'),(995,'7','43','暂不监控','','2016-10-21 15:11:54',NULL,'201610295151147917'),(996,'7','44','暂不监控','','2016-10-21 15:11:54',NULL,'201610295151147917'),(997,'8','48','正常','','2016-10-21 15:11:54',NULL,'201610295151147917'),(998,'8','49','正常','','2016-10-21 15:11:55',NULL,'201610295151147917'),(999,'8','50','暂不监控','','2016-10-21 15:11:55',NULL,'201610295151147917'),(1000,'1','1','正常','','2016-10-21 15:20:37',NULL,'201610295152036541'),(1001,'1','2','正常','','2016-10-21 15:20:37',NULL,'201610295152036541'),(1002,'1','3','正常','','2016-10-21 15:20:37',NULL,'201610295152036541'),(1003,'1','4','正常','','2016-10-21 15:20:37',NULL,'201610295152036541'),(1004,'1','5','正常','','2016-10-21 15:20:37',NULL,'201610295152036541'),(1005,'1','6','正常','','2016-10-21 15:20:37',NULL,'201610295152036541'),(1006,'1','7','正常','','2016-10-21 15:20:37',NULL,'201610295152036541'),(1007,'1','8','正常','','2016-10-21 15:20:37',NULL,'201610295152036541'),(1008,'1','9','正常','','2016-10-21 15:20:37',NULL,'201610295152036541'),(1009,'1','10','正常','','2016-10-21 15:20:37',NULL,'201610295152036541'),(1010,'2','11','正常','','2016-10-21 15:20:37',NULL,'201610295152036541'),(1011,'2','12','正常','','2016-10-21 15:20:37',NULL,'201610295152036541'),(1012,'2','13','正常','','2016-10-21 15:20:37',NULL,'201610295152036541'),(1013,'2','14','正常','','2016-10-21 15:20:38',NULL,'201610295152036541'),(1014,'2','15','正常','','2016-10-21 15:20:38',NULL,'201610295152036541'),(1015,'2','16','正常','','2016-10-21 15:20:38',NULL,'201610295152036541'),(1016,'2','17','正常','','2016-10-21 15:20:38',NULL,'201610295152036541'),(1017,'2','18','正常','','2016-10-21 15:20:38',NULL,'201610295152036541'),(1018,'3','20','正常','','2016-10-21 15:20:39',NULL,'201610295152036541'),(1019,'3','21','正常','','2016-10-21 15:20:39',NULL,'201610295152036541'),(1020,'3','22','正常','','2016-10-21 15:20:39',NULL,'201610295152036541'),(1021,'3','23','正常','','2016-10-21 15:20:39',NULL,'201610295152036541'),(1022,'3','24','正常','','2016-10-21 15:20:39',NULL,'201610295152036541'),(1023,'3','25','正常','','2016-10-21 15:20:40',NULL,'201610295152036541'),(1024,'3','26','正常','','2016-10-21 15:20:40',NULL,'201610295152036541'),(1025,'3','27','正常','','2016-10-21 15:20:40',NULL,'201610295152036541'),(1026,'4','28','正常','','2016-10-21 15:20:40',NULL,'201610295152036541'),(1027,'4','29','正常','','2016-10-21 15:20:40',NULL,'201610295152036541'),(1028,'4','30','正常','','2016-10-21 15:20:40',NULL,'201610295152036541'),(1029,'4','31','暂不监控','','2016-10-21 15:20:40',NULL,'201610295152036541'),(1030,'4','32','正常','','2016-10-21 15:20:40',NULL,'201610295152036541'),(1031,'4','33','正常','','2016-10-21 15:20:40',NULL,'201610295152036541'),(1032,'4','34','正常','','2016-10-21 15:20:40',NULL,'201610295152036541'),(1033,'4','35','正常','','2016-10-21 15:20:40',NULL,'201610295152036541'),(1034,'4','36','正常','','2016-10-21 15:20:40',NULL,'201610295152036541'),(1035,'4','37','正常','','2016-10-21 15:20:40',NULL,'201610295152036541'),(1036,'4','38','正常','','2016-10-21 15:20:41',NULL,'201610295152036541'),(1037,'5','39','正常','','2016-10-21 15:20:41',NULL,'201610295152036541'),(1038,'6','45','正常','','2016-10-21 15:20:41',NULL,'201610295152036541'),(1039,'6','46','正常','','2016-10-21 15:20:41',NULL,'201610295152036541'),(1040,'6','47','暂不监控','','2016-10-21 15:20:41',NULL,'201610295152036541'),(1041,'7','40','正常','','2016-10-21 15:20:42',NULL,'201610295152036541'),(1042,'7','41','正常','','2016-10-21 15:20:42',NULL,'201610295152036541'),(1043,'7','42','正常','','2016-10-21 15:20:42',NULL,'201610295152036541'),(1044,'7','43','暂不监控','','2016-10-21 15:20:42',NULL,'201610295152036541'),(1045,'7','44','暂不监控','','2016-10-21 15:20:42',NULL,'201610295152036541'),(1046,'8','48','正常','','2016-10-21 15:20:43',NULL,'201610295152036541'),(1047,'8','49','正常','','2016-10-21 15:20:43',NULL,'201610295152036541'),(1048,'8','50','暂不监控','','2016-10-21 15:20:43',NULL,'201610295152036541');

/*!40101 SET SQL_MODE=@OLD_SQL_MODE */;
/*!40014 SET FOREIGN_KEY_CHECKS=@OLD_FOREIGN_KEY_CHECKS */;
/*!40014 SET UNIQUE_CHECKS=@OLD_UNIQUE_CHECKS */;
/*!40111 SET SQL_NOTES=@OLD_SQL_NOTES */;
